N1,극성,내용
36,1,목숨 내 놓고 왜 맞니? 목숨을 구할려고 맞아야지  백신에 불신이 가득 있구나 
37,1,얘들 생각해서 맞아야되는거 아니가?이말 할 인간은 얘가 읍나?   돌아가신분들중에 가정 없는집이 있었어?
62,1,사람들이 착각하는게 있는데   백신을 맞는게 코로나를 안 걸리게 하려는게 아니고  나중에 중증환자가 안 되려고 맞는건데   독감백신 맞아도 독감에 걸리듯   
73,1,백신 안맞을수 있지 근데 괜히 걸리고 여기저기 싸돌아다니지 말고 집에 박혀있어
79,0,백신맞으면 안걸리냐   ?돌대가리들아
80,0,은연중에 백신미접종자는 범죄인같은 취급  어디서 백신얘기나오면 숨어있어야하는 분위기조성  이건 아니지않냐?
81,0,제발 단톡이나 카톡 프사에 백신접종 완료 자랑질좀 하지마 역겨워
83,0,목숨을 내놓고 왜맞냐? 무뇌 인증하냐? 그리고 지가 활동하는데 제약있어서 불편해서 맞아놓고 무슨? 동물실험통과도 못한거 맞는게 비정상적인 사고를 가진거다  자랑할걸 자랑해라   
84,0,근데 백신 미접종자가 접종자보다 백신을 더 잘 옮기다는 연구결과가 있나? 코로나감염 혹은 돌파감염 걸렸을때 중증까지 덜 가니까 백신맞는거잖아   백신이 만능도 아니고  맞았다고 코로나 안걸리는것도 아니고   어차피 코로나야 백신맞고 마스크잘쓰고 다녀도 재수없음 걸릴 수 있는건데 코로나 확진자랑 같은공간에 있었어도 백신 맞았으니 중증까진 안가겠지 하고 안도하면 되지 뭐 마치 백신 미접종자가 다 전파를 할것처럼 생각들을 하냐   접종자와 미접종자가 둘다 코로나걸렸을때 미접종자는 금방낫고  돌파감염된 접종자가 정작 죽을수도 있다
85,0,정작 코로나에 걸린 임창정씨 건강에 대한 염려는 뒷전이네요  별로 안 아프고 넘어갈 거라는 전제가 모두에게 깔려있다는 것이죠  그런데 뭐하러 목숨걸고 백신을 맞아야할까요  차분히 생각하면 참 이상한 백신 강요 
86,0,난 목숨걸고 맞아야 하는게 웃기다
87,0,백신 맞으면 감염 전염 안되냐? 비난할 껄 비난해야지    하루     명 감염자중 돌파감염자가 대부분인데 아직도 저따위로 말하는 족속들이 있다니    한심하다 
89,0,이런 기사 정말 불편하네요  저도 목숨내놓고  차까지 맞았지만 맞으면서 유서라도 써놔야하나  내가 죽으면 우리애들들은 어떻게해야하나 걱정이 이만저만아니었네요  제 주변에 알러지잇는분들은 안맞은 사람도 많아요   강요하지맙시다  정부에사 책임져주지도_으면서 
90,0,그래서 어쩌라고 무식하니까 목숨걸고 맞았지 백신 공부한사람들은 안맞았다
91,0,백신맞으면 안걸리고 전파도 안하나?헐   맞아도 걸리는데 전파하는것도 같은데  무슨 안맞은사람으로 인한 전파보상?개소리하네  그럼 돌파감염으로 인한 전파도 보상해라    룰렛같은 백신맞고 안죽고 병 안생김 다행인 백신    
92,0,꼭 백신 맞아야한다는 사람 제발 맞고 부작용 겪고 정신 차렸음 좋것네    지들은 백신을 목숨을 걸고 맞앗는데 남들은 왜 안 맞앗냐 남 탓하고    그럴거면 맞지를 말던가    남을 위해 백신을 맞앗다는 개소리는 하지마시고   
93,0,사람 목숨이 게임에서 죽으면 다시 부활하는 것도 아니고 중간 저장해놓는 것도 아닌데 단 하나의 소중한 목숨인데 지들 괜찮았다고 미접종자들한테 맞으라 강요하지 마세요 맞은 분들 지금은 무사통과 하셨어도 부스터샷 맞다 운이 안 좋음 거기서 운명하는 겁니다 백신 안 맞은 미접종자 분들 오히려 더 내 몸 생각해서 조심히 행동하고 사람 많은 곳 안 돌아다녀요 
97,0,아니 미접종이 왜 논란이야? 미접종이 범죄인가요? 미접종이 전파하나요? 과학연구 한거에요? 연관성 증명된거에요?
98,0,백신에 대한 음모론을 믿고 있나 보지요  저는 그럴가능성 때문에 맞지 않습니다     부작용 없다고 하지만      변이가 일어나는 바이러스      의구심을 지울수가 없네요       이런 사람이 있는데 그는 병역기피자로 보이는 사람도 있다고 하네요      아직 결론난 바 없읍니다  조금더 데이터가 싸여야 합니다  아니면 최소한 이런 문제에 대하여 공론화가 되어서 이론의 여지없이 명쾌이 토론이 끝나던가     그게 없는 이유는? 아직도 전문가도 모르는게 많기 때문이죠  그냥 몰라요  지금은     
99,0,제발    백신 맞든 안맞든 코로나는 걸린다   맞았다고 안걸리는거 아니고 안맞았다고 걸리는거 아니라고
100,0,알마전에 백신부작용으로 젊은 남자 한분이 사지가 마비된 사연이 방송에 나왔다 얼마전 까지만해도 건강하고 지병없이 사회활동을 활발히 했던 분인대 백신맞고   시간뒤 오바이트하고 그다음날 부터 하체 마비까지 왔단다 병원에서는 백신부작용이 있다고했는대 정부에서는 백신과 인관계가 없다고 한단다 하나밖에 없는 아들이 하루 아침에 불구자가 되어있는 모습을 본 부모들은 피눈물을 흘리고 있다백신 목숨걸고 맞는것 맞다  나도 그랬다  차때    불렀음 내 목숨 중요하면 다른 사람들 목숨도 중요 하다 자유 의지에 맞겨라
102,1,사람을 안 만남면 맞든지 말든지 그렇지만 사람을 많이 만나는 사람은 반드시 맞아야 한다
103,1,많은 사람을 수시로 접하는 직종인 연예인은 백신은 의무이자 필수이다 젓도 모르는 모지리들이 선택적인 사항이라고 주댕이 놀리는데 일본 아베의 명을 받은 일본산 원숭이들이냐
105,0,백신 안맞은게 왜 논란 거리지? 내가 안 맞겠다는데 왜 지들이 난리야?
106,0,백신 안맞은게 범법행위야? 왜케 언론에서 마녀사냥 하냐   백신맞고 죽은사람이 한둘이 아닌데 목숨걸고 맞았다고 하면 안되? 이것도 신성모독이야?뭐야?
108,1,개인의 선택도 틀린말은 아니지만 맞은 사람들은 걱정이 없었겠냐? 자신도 자신이지만 서로를 위해서 부작용 위험성을 알고 맞는건데 개인의 선택이라며 안맞는 사람들이 유별나게 이기적인건 맞다고본다 
109,1,백신 안맞은 것이 맞은것보다 잘한짓은 아니잖아
113,0,백신 차완료자들 돌파간염보면모르나 백신의미있나
115,0,강요하지마라 이상생기면 니들이 책임질거냐
117,0,목숨걸고 맞는게 백신이냐?? 이미 그건 백신이 아니라  독약이다  
118,0,백신 맞는다고 코로나 안걸리냐? 목숨걸고 왜 맞어??
120,0,미국 의사들 백신 대부분 안맞는다  왜일까? 아무 의심없이 제대로 공부도 안해보고 남이 맞으니까 정부에서 맞으라고 하니까 생각없이 무작정 맞는 사람  직장에서 강요해서 어쩔수없이 맞은 사람들이 대부분이다 
121,0,목숨걸고 백신을 맞으라 강요하는 사회가 비정상적인겁니다 
122,0,백신맞아도 코로나 걸리는상황에  백신접종자끼리도 전파가 가능하단 소린데 애초에 미접종자를 이기적이라며 내리까고 치료비 책임전가를 운운하는지 모르겠네요  백신접종자에게 코로나 감염됐으면 자연재해고  미접종자에게 감염되면 사회악입니까?
123,0,개인의자유지 강제성줘도되는거임? 죽으면 책임질것도아니면서말이많어할튼
124,0,자기도 목숨 내놓고 맞았으니까 너도 맞아라? 이게 무슨 카미카제식 전체주의 사고인가? 자기도 죽을수 있다는 걸 알고 맞은 거니까 너도 죽을 각오하고 일단 맞으라 비난하는 거잖아?
125,0,목숨 내놓을 정도면 안맞아야지 기껏 방송 못나가느니 죽는쪽을 택했다는것인가? 방송 못한다고 굶어죽길하나 밥굶으면 나라에서 지원도 해줘 다음 접종땐 사는쪽을 택하길
127,0,나는 목숨 내놓고 백신 맞지 않겠다  맞는것도 자유고 거부하는 것도 자유다  맞은이들은 안맞은이들에게 뭐라 할 필요 없다  중국에 침묵하고 우한폐렴이란 말도 못하는 비겁한 연예인들은 그냥 중국에 가라
129,0,왜 백신을 목숨 내놓고 맞나요? 목숨이 장난인교  백신 맞는다고 코로나 안걸리는것도아니고 돌파안되는것도 아니고 중증 안되는것도 아니고    복불복인건 똑같네       백신 안맞은 사람 탓 하지맙시다 
131,0,백신맞고 죽으면 누가 책임져?강제 접종이 웃긴거지
132,0,나도 안맞음  앞으로도 접종 계획 없다  백신 미접종이 무슨 죄지은거마냥 떠들어대는꼴이라니   
133,0,죽어도 아무도 책임져주지않는 말그대로 목숨내놓고 맞는거다
135,0,얘가 다섯이니까 백신을 안 맞아야지  맞고 죽으면 누가 책임질 ?? 그리고 이 아재는 쌓아놓은 돈으로 치료제로 회복하면됨   백신이 의무는 아니다 선택에 뭐라마라  병걸리면 치료제가 더 안전해 보이는구만 
137,0,얼마전 뉴스나왔던 화이자 내부고발 소리소문도 없이 잠잠해졌네 항체생성 실체도 없는 백신 변이는 못 막는 백신 왜 꾸역꾸역 맞으라고 하는지 친분있는 의사들도 맞지말라던데
138,0,임창정님 백신 안맞길 잘하셨어요 그저께 기사 나왓쟎아요 임상시험이라고요
140,0,백신 안 맞은 게 왜 문제인지 모르겠네     백신 맞아도 어차피 코로나 걸리는데      백신맞았었더라면  임창정 돌파감염 으로 뉴스에 떴겠_ 
143,0,백신 맞아도 걸려   
144,0,백신을 안맞아서 피해를 줄수있으니 집에만 있으라는건 말이 안된다  그럼 백신을 맞았으면 피해를 안주는건가? 그건 또 아님  백신을 안맞아서 코로나 걸리면 자신이 위험하니 스스로 조심하는거면 몰라도 백신맞은 사람들한테 피해줄까봐 조심해야한다니   그렇게 무서우면 백신 왜 맞은건데? 뭐 접종자들끼리 있으면 코로나 안걸리는줄 아는거임? 위드코로나 시행하고 감염자가 몇명이며 돌파감염이 몇명인데   
147,1,솔직히 아무리 백신 두렵다 하더라도   그래도 형식상 백신은 맞아야지그것도 공인이면 말이다이런 사소한게어떻게 생각하면 자영업 하는사람이라면 배려하는거라
148,0,백신 차  차 맞고    증 명은 부작용으로 사망하는데 무서워서 어디맞겠냐고
152,0,누군맞고싶어서맞나요 맞는사람도많고안맞으면남한테피해줄까바어쩔수없이맞는거죠
153,0,나도 안맞았다  내맘이다 
155,0,백신 무조건 맞으라고 하는 애들아  백신 성분 조사좀 해보지 그래? 백신에 꼭 필요한게 있으면 상관없지만  불필요한게 왜 있냐고  게다가 고위층  백신 사장들은 안맞았어  왜 안맞을까 생각 안하냐? 동물이 아닌이상 왜 그런지 금방 아는거다 
156,0,백신 맞고 잘못되면 누가 책임지는데   
157,0,백신맞아도 돌파감염이 유행인데??? 백신맞았다고 코로나 안걸리는것도아닌데??
158,0,난 임창정 판단을 존중한다  나도 억지로 맞았거든  부작용도 심하고 항체 생길지도 모르고 항체생겨도 안걸리는게 아니라서 
160,0,백신이 믿을만해야 접종하지 효과도 이미 임상논란으로 뻥튀기 된게 알려졌고 모더나 화이자 직원들도 접종안하는걸 왜 접종해?백신 면책자 명단보면 직원 접종 안해도 되더만 이제 알약도 출시되고 안전성 입증된 노바나오면 생각 해봐야겠다 올해는 독감 폐구균 접종으로 마무리
161,0,모더나  차 까지 맞았음 미접종자들 선택 존중하며 그들을 차별하는것에 반대함  까놓고 백신맞았다가 재수없게 중증가면 책임질거냐? 중증환자 인과성 운운하며 나몰라라하고있으면서 무슨 백신을 맞으라고
162,0,아니 동의성받고 인과성 인정 회피하는데 목숨걸고 굳이 맞아야하나    내머리론 도대체 이해가안된다 이상하네
163,0,백신 안 맞았다고 욕할 이유가 전혀 없는거 같은데  딱 하나  확진 되서 세금으로 치료 받는거       그거 개인 청구 하면 되는거지 백신 안 맞은걸 욕할 이유가      
164,0,백신접종이 무슨  꼭해야되냐?? 하기싫으면 안맞는거지 맞고 뒤지면 누가 책임저 주냐??? 돌파 감염이 전체 확진자의   퍼센트라는데 맞아도 의미 없는 백신갖고 왜 난리
165,0,백신맞고 몇달후에도 사망한다고 매일 기사 나오는데 겁나서 누가 맞겠나 백신이 백프로 안전하다고 입증하면 그때 이야기해라 여기가 무슨 좌파공산국가인가?
166,0,헐  백신맞고 코로나 걸려도 되고 안맞고 걸리면 욕 얻어먹어야 되나? 백신은 선택사항 아닌가? 목숨을 담보로 확률게임에 뛰어든다면 오징어 게임과 다를게 무엇인가  
167,0,맞고 안맞고는 자유 아님 ? 나는 천식땜에 겁나서 백신 안맞고 있는데 ??
168,0,도대체 목숨내놓고 맞아야하는걸 왜 강요하냐?
169,0,백신접종은 개인의자유인데 왜들 난리야?? 솔찍히  차 맞아야하는데  차때 너무 고생해서 아직 고민중이다   백신 안맞았다고 비난하지맙시다  
170,0,모더나  차 맞고  주일 움직이지도 못하고 쓰러져 있었고 지금도 통증에 시달리다 보니 부스터는 절대로 안맞을거다  모더나  차맞고도  일 고생했는데 다들 그정도 부작용은 있다고 하기에 그러려니 하고  차 맞았는데 죽을수도 있다는 공포를  주일간 몇번이나 경험했음
173,0,백신  차 맞고 부작용을  일동안 겪어보니   누구나 부작용으로 돌연사 할수 있다는 걸   실감했음 
174,0,나도  차 맞고 알러지가 발견되서 의사가 아낙필라시스 올 수 있으니  차는 본인이 선택하라했다  그런데 고민하다가  차 맞았다  그리고 현재 쇼크용 주사기 갖고 다닌다  참 별짓을 다해본다   다들 입장이 있을거라 생각한다  그러나 모두들 여러 상황을 고려하고 선택하길 바랍니다  그러나 정말 근거 없는 가짜뉴스로 본인을 가두지 마세요  저는 아직  차 접종 후 쇼크는 온적 없지만 한동안 조심해야한다니   한동안 그렇게 살아야겠죠  그런데 괜찮아요  접종으로 할 수 있는 것이 더 많아졌으니깐     
175,0,백신 의무화처럼 말하네들?
176,0,백신부작용에 대해  심지어 사망자들 속출하고 있건만  자신이 책임질 것도 아니면서  나라에서도 맞으라고만 하지 죽어도 나몰라라 하는데  계속 손가락질 하고 강요하는건 무슨 심보인지 
178,1,너만맞았냐? 나도맞았다 니목숨은 대단하고 내목숨은하찮냐
179,0,근데 백신을 맞아야 코로나에 걸리지 않는다?그럼 안 맞은 사람이 걸리든 말든 내가 맞았으면 코로나에 안걸려야한드는거 아닌가?근데 왜 돌파 감염이니 뭐니 나올까? 백신은 코로나에 안 걸릴려고 맞는게 아니고 걸려도 안 죽을려고 맞는거 아닌가?그러니 남이 맞든 말든 그건 본인 자유고 안맞았다 하더라도 안맞았기 때문에 다른사람에게 전염시킨다? 이건 아니지   돌파 감염이 이렇게나 나오는데 백신맞아도 전염은 된다고 봐야지 그리고 중증으로 가지 않아야 하는거고 맞아서 죽으면? 그건 남에게 전염시키기 않기 위해 장렬히 전사한 영웅인가?
180,0,백신이 만들어지는데 안정성확보까지 얼마나걸릴거라생각하나? 아니 무슨 코로나생긴지  년?남짓인데 백신이 나와서 그걸맞으면안걸리고 안맞으면 걸린다니   백신부작용에 접종자돌파감염이 얼마나많은데 백신안맞아서 그게논란이 된다는건지 이해가안감  연예인이기전에  아이의 아빠고 가장이다  백신가볍게 맞고말고 할일이 아니라고  백신맞았어도 그게 효과가 몇퍼센트나있다고 누가확신할수있는데?? 다들 제발 그만좀해라 
183,0,백신맞고 코로나 안걸리냐???백신 안맞더라도 방역수치 잘지키면 되지 물론 본인은 회사때문에 반강제로 맞음 백신을 강요 할 필요는 없다고 봄 
185,0,목숨 내놓고 맞았으면 어쩌라고?? 백신 맞은게 벼슬이냐? 완장이야?
187,0,똥백신인 거 알고도 맞으란 말이냐? 개인의 선택이지  강제하지 마라  멋도 모르고 백신 맞았다가 후회하는 사람 많다 
188,0,백신맞고 석연치 않게 급사한 사례가 현재 신고건수만    건이 넘었다는 기사를 봤음  지금은         건 정도겠지? 나도  차 완료는 했지만 부스터샷은 도저히 못맞겠다  내가 노인도 아니고 지병도 없고 정말 재수없어서 코로나 걸려도 감기처럼 지나갈 병인데 그걸 방지하려고 부스터샷까지 맞아가면서 목숨을 걸어야 하나? 코로나 걸려서 죽은 청년이랑 백신맞아서 죽은 청년중에 어떤쪽이 더 숫자가 많은지만 봐도 바로 답이 나오는구만 
190,0,백신을 왜 목숨 내놓고 맞아야 하는지 나는 그게 정말 의문이다
193,0,나만 죽을 수 없다는 족같은 마음으로 강요하지마라
196,0,목숨 내놓고 맞았다     마스크만 잘 쓰고 저녁에 뻘짓만 안 하면   목숨 내놓지 않아도 될 것 같은 데요 
197,0,자기 생계를 위해 맞아놓곤 마치 천하무적에 의인된거같은 착각을 자랑스럽게 올리다니   글고 백신  차에 끝나지않는데 계속되는  차 접종을해야 완전접종된다는  사실을 기억하길    백신 차별은 곧 모두를 죽음으로 끌고갈수있다는 사실도  차 까지 맞은것도   년은  지켜봐야 아는데 지켜볼 겨를도없이 계속 추가접종이 이어진다 병들고나면 제약사와  국가는 니가 직접 임상실험에 싸인해잖아 라고 하겠지 그놈의 면책특권을 핑계로 
202,1,나만 생각했다면 안맞았겟지 하지만 다른사람과 하루에도   명이상씩 마주하는데 안맞는건 아니라고 생각하기에 맞은거지
204,0,지가 목숨 내놓고 백신주사 맞았으면 그만이다   남들한테 이러쿵 저러쿵 잔소리 하지마라   다른사람들은 목숨 내놓고 백신주사 안맞고 싶은 사람 많다    어디서 수작질이야
206,0,기사보니 이번에 하루 코로나걸린사람 중 백시 접종자가    라고하더만 백신의 의미가 안걸린다는아닌것같음나도수요일에  차맞고 어제죽다살았났는데 이건 안아플려고 맞는백신때문에 아픈게 맞나싶음 잘생각하고 각자 판단에 맞으시길 
207,0,주사접종해도 확진되 어차피 접종하나 안하나 똑같아 위드코로나에도 접종자도 다량으로 감염됐다드라 어차피 접종해도 똑같은데 목숨걸고 접종했다고 자랑하면 뭐하나?    이는 접종해도 걸리는거     
208,0,나두  차맞고 한달동안 병원다니면서 피만뽑고 검사하고 링거맞고 고생해서 백신 싫어요 어제  차맞는 날이였는데 아침도 심장이 발작이와서 안맞았어요 보건소전화해서 물어보니 잔여 백신으로  차 맞어도 된다해서 어제  차 안맞았는데 회사에서도 가치 일하는 언니가 그래도 애들있으니까 맞어야지 아깝잖아 이소리 하는데 때리고 싶어도  차 맞고 난 아프고 엄청 고생했는데지기 책임질것도 아니면서 맞으라고하니까 짜증나요
209,0,아니 백신맞음 코로나 안걸려???  이상한 사람들 많네 백신이 치료제냐?? 그럼 백신 맞은 사람이 코로나 걸리면 뭐라고 할래??? 계속해서 백신 사망사고 나오는 상황에서 안맞았다고 비난하는 사람들이 더 이기적인거같다 백신 맞는게 코로나 안걸리려고 맞는거라면 그냥 원하는 사람들은 맞고 그 입을 다물어주세요 백신 맞았음 코로나 안걸릴텐데 뭐가 무서워서      하는데    백신맞고 당당히 돌아다니세요들
211,0,목숨내놓고 왜맞냐 이해가 안가네 목숨이 하찮나 그냥 남들다 맞고 안맞으면 눈치보여서 맞았다하시길 아님 나처럼 맞지말든지 맞았으면 걍 조용히들 있으시길
215,0,백신을 맞는게 책임감이 있는거냐?? 말이야 방구야
217,0,지금 좋다고 백신 맞았다고 찬양하는분들  가까운 미래에 부스터샷 맞고 부작용나도 똑같은소리 아마 못할겁니다  부작용으로 실제 고생하시는분들 많고 하루에도 자율신경계 이상이나 생리불순 백혈병 사망에 이르기까지 아주 무섭습니다  간단하게 생각하지 맙시다   개월뒤에 당신의 미래가 될 수 있습니다 
218,1,백신 안 맞아도 좋은데 대중앞엔 서지마라 
219,0,백신 맞고 대상포진 발생    죽다 살아났다    이제 절대 안 맞는다   
220,0,언제부터 감기예방접종 안했다고 사람들 손가락질 하냐? 지긍 코로나 감기가  년째 안없어지는데 감기는 우리인류와 평생을 같이한다 지금 코로나 백신으로 죽는 사람이 더 늘었다 오히려 코로나 감염되면 항체생기고  주간 격리하면 끝이다 이시대에 코로나 사기극인거 모르면 백신맞고 개죽음 이다
223,0,목숨 내놓고 맞을꺼면 맞지마라  결국 목숨보다 활동하는게 우위인거자너    아이러니하네
226,1,각오 안 하고 주사 맞는 사람 있나? 내가 안 맞으면 가족이나 주변 사람들이 위험해 질까봐 주사 맞는거다  사회생활을 아예 안 하고 집에만 있다면 안 맞을 수도 있지만 그렇지 않다면 맞는 게 옳다 
228,0,백신을 왜맞음? 임창정이 현명한거야  백신맞다 죽을 수 도 있었는데 코로나걸려서 그래도 목숨은 건짐
230,1,자유는 남의 자유를 침해하지 않는 선에서 보장되는 거지  절대적인 것은 아니다  결국은 남에게까지 감염시켰다면 그건 남의 안전  건강할 권리와 자유를 침해한 것이 되는거다  불안해 안 맞는 건 이해하지만 그로 인한 타인의 자유를 침해해도 되는건 아니지  그럴거면 활동하지 말고 가만히 있어야지  이세상이 혼자사는 거냐 확진되어 남에게 감염시키는 건 괜찮은게 아니다  세상은 다같이 사는건 협조와 협력하지 못하면 혼자 살아야지 
231,0,백신 안 맞은게 왜 논란이지? 누가 보면 큰 죄지은것 같네     나는 잘한 선택이라 생각한다 임창정 참 인간적이지
232,0,목숨까지 내놓고 백신을 맞으셨다고요            굳이 그렇게까지 충성이 필요합니까    누구를 위해 목숨을 내놓으셨나요
233,0,주위 시선때문에 백신 맞았지만 백신 맞는걸 반대하고 싶다 왜 목숨걸고 백신 맞아야 하는지 도무지 이해가 안간다 맞아도 걸리고 안맞아도 걸린다 백신 맞고 운이 나쁘면 목숨도 잃는다 그런데 왜 맞는지 다른 사람들을 위해 맞는다는 말도 어처구니 없다 맞아도 전파력은 있다는데 다른사람들한테 무슨도움이 된다는지    
234,0,주변에  차 맞고 그다음날 죽은   대 가장이 있다 어린딸을 두고 하루아침에 인사도 못하고 죽었다 어디다가 누구에게 하소연을 하며 한들 죽은 가장이 살아날까?애들 생각해서 안맞는다 죽는건 상관없지만 만일에 하나 잘못됐을때 남겨질 어린 자식들때문에 민폐라고 말하는 사람들은 뭔지 
237,0,백신맞는다고 안골리는거 아닌데 왜 맞으면 다 안걸릴까라는 생각을 가지고 있나몰라?? 나도 맞기_은데 나중에 행여나 애들 학교나 얼집도 못가게 할까봐 울면서 맞았음    강요안한다거니 은근히 강요하는 세상    맞아도 걸리니깐 자꾸 강요하지맙시다    
240,0,아직도 백신 맞아야한다고 지껄이는 아메바들 잇냐? 징글징글하다
244,0,안맞았는데 왜 어쩌라고??  
246,0,국가도 책임 안져주는데 나도 안맞고 말지 애가 다섯이고 부작용 생겨서 일 못하게되면 누가 책임져주는데?? 지 일 아니라고    말 막하네
247,0,전 끝까지 안맞을 생각으로지냈는데 현실은 비접종자는 따시키는 방법으로 맞게끔 만들었네요 노래방 식당 앞으로 백신 차안맞은 사람들은 출입을금지 시킬거예요 이미 유흥은 출입금지들어갔구요 사회생활을 못하게만들어버렸네요 전 당뇨도심하고 거기다 합병증도심해서 미뤄는데 억지로 목숨걸거 백신 차 일째 접어들었습니다 무사히탈없이 넘어가고있지만 백신 차가 무서워지네요 
252,0,백신맞고잘못돼면정부에서책임지는게없으니누가맞_냐인과관계를본인보고밝히라는그런대책없는정부믿고맞_냐
258,0,백신을 맞으면 면역력저하로 감염의 매개체가된다 지금 국민     프로가 백신맞았는데 왜 이지경인지 머리가 있으면 생각좀하고 사망자대부분 요양원 백신 차 접종자들이다  니들 목숨도보장못해  이 _은정부땜에 불쌍한 국민들 어쩌냐  최소한 외국논문이나 과학자들이 백신에대해 뭐라고 썼는지나 보고 처맞아라  개돼지들아 
259,1,백신 맞는 이유가 살려고 맞는데 목숨 내놓고 맞는다고? 이게 정상이라고 생각하나? 정말 다들 미쳐돌아가네  백신보다 코로나가 그렇게도 무섭나? 코로나는 해마다 우리가 걸리는 감기라구   
261,0,일찍 죽겠구나  정부는 검증되지않은 산화그래핀 기생충 스파이크바이러스 찍어내는     백신을 멈춰라    이 천벌받을것들  지금 코로나확진이 미접종자가 아닌 돌파감염이 대부분이다  면역력제로가 되어 서서히 사망하는 독약투입을 당장 멈추라고    온 나라가 백신맞고 감염된 좀비들 천지다 
270,0,애를위해 안맞는게 맞는거임
273,0,백신맞고 죽으면 누가 책임져주냐?
282,0,백신맞은뒤 돌파 감염되면 책임은? 중증 부작용의 책임은? 그냥 일딴 맞어라고해서 맞은뒤에 인과관계가 불확실하다 등의 이유로 백신으로 인한 피해가 아니다라고 하는 질병관리본부인데 누가 믿고 백신 맞을까? 백신은 개인 자유다  백신은 코로나 사망률과 치료에 효과가 있을지 몰라도 만능은 아니다   마치 백신 맞은 후 돌파감염은 최선을 다했지만 걸렸다는 면죄부를 주는것뿐인듯한데  즉 안맞고 걸리면 죽일놈 맞고도 걸리면 불쌍한놈일뿐 
283,0,백신을 목숨 걸고 맞는 이상한 세상
285,0,왜 목숨걸고 백신 맞아야 하는데?나라에도 내몰라라 하자나? 사람 목숨이 복불복인지? 백신 접종률 높은데 왜 확진자는 줄지 않고 있는지? 글서 백신 맞은사람은 코로나 비켜가나?돌파간염이 대다수인데?
286,0,백신맞고 죽으면 쌩까는데 뭐좋다고 맞냐? 백신맞는다고 코로나안걸리는것도 아니고   백신맞고 죽을수도 있는데 차라리 코로나걸리고말지  
290,1,뭘 목숨 내놓고 맞는다고 까지 생각하나  맞은사람들은 다 목숨을 내놓은건가?     생사 갈림길에 서있는 사람들이 얼마나 많은데 백신주사 한대가지고 목숨을 내놓고 맞는다는 생각을 하는건지 원     
291,0,안맞는게 죄가??  이게 국민의 의무가 아니잖아??? 맞았는데 감염은 우찌 설명할래? 
297,0,잘못 맞아서 목숨이 날아가도 어디서 보상도 못받던데 뭘 믿고 맞아야 되는데?이 분 욕하는 대깨들은 죽어도 이해 못하겠지만 난 저분마음 이해한다 
300,0,백신맞고 무릎아파서 병원다니고 우울증생기게생겼음  무릎이저리고 아프고    걷기도힘들고  원래안좋앗다고 병원에서그러지만 평생이렇게아프고 불편해본적이 처음이에요  괜히맞은거 같아후회중입니다
310,0,어쩌라구     안맞아 나는
312,0,내목숨 내가 지킨다 백신 안맞고 방역수칙도 잘 지키면 안걸린다
314,1,맞으라면 맞아라
316,0,솔직히 국민 대부분이 거의 반강제로 백신 맞은거 아닌가   나도 백신 안맞고 계속 잘버티다가 백신패스 어쩌고해서 진짜 목숨걸고 그냥 접종 완료했다  근데 접종하자마자 위드코로나   결론은 그냥 다른나라에 보여주기위한 접종률 쑈였던것    그냥 안맞아도 잘살았을건데  
318,0,선진국 백신 맞은 사람이 더 걸린다 이건 어떻게 설명할껀데요 ? 그냥 코에 걸면 코걸이 귀어 걸면 귀걸이 제발 백신 타령 그만합시다   백신 부작용만 많고 조금만 현명한 사람이라면 안맞는게 더 좋다는거 이미 판명 난지 오래구만 미국에서 불공정거래 계약해서 대한민국 정책상강제로 맞추게 할려 노력중인거 안봐도 뻔하구만
322,0,백신을 왜 처맞냐? 응? 효과있어? 검증되었어? 사람죽은건 거짓이야? 안맞을 수 있으면 안맞는게 최선이고 관련 업무땜씨 맞으신분들께    심심한 위로 드립니다 
325,0,근대 백신 맞으면 혈소판 백혈구 줄어드는거 피검사 해보면 다 나온대요  진짜 부작용은 바로가 아니라 나중에 나타납니다  모두 맞지마세요  코로나로 죽는사람보다 백신맞아 죽는사람이 더 많아요  화이자    도 백신 안맞앗다고 하더라고요
326,0,지들 처음에 맞을때는 남이야죽던말던 사이트다운도되고 수험생인척 쳐맞더니 뭔가 이상해지니까 같이 엿되자고 안맞은 사람한테 눈흘기면서 내미는 논리가 사회를위해서 맞었대       결혼해서 팔자꼬인놈들이 안한사람한테 결혼 빨리하라고 잔소리하는거랑 비슷한 심리임     내 인생 제일 잘한게 백신 안맞은거
331,1,맞았어야지 짱쩡아
332,1,누군맞고싶어서맞나 혹여나 나때문에 다른사람한테 피해줄까봐맞는거지
333,1,백신맞는건 자유다공산주의식으로 마녀사냥하는 세력들은 제발 북한가서 살아라   
335,0,마스크 잘 써도 예방된다고 지껄이지 않았냐? 근데 백신을 맞아도 예방안되는데   뭘 어떻게 하라는겨? 구라만치는 문수령국가에 목숨걸고 맞으라는겨? 처음부터 입국금지라도 시켰으면 신뢰라도 가지  범죄자 진보좀비들
336,0,목숨걸고 맞는게     이지  임창정처럼 안맞는게 정상이고   부작용이나 죽는거보고 음     나는 안죽겠지?   하면서 맞는거 정상 아니거든?    
338,1,무슨목숨내놓고 그건 넝 나간듯 대부분사람들이 다맞는데 안맞는게 이기주의
339,1,돈 벌려고 해외 다니는 사람들은 백신 필수다  지금 현실은 좋든 싫든 안 맞으면 돌아다닐 수가 없다  방구석에 앉아서 개인의 자유와 백신의 부작용만 떠들어 대면 방구석에만 있을 수 밖에 없는게 현실이다 
341,0,백신을 머하러맞나? 효능도입증안댄거를   
342,1,인류가 지금까지 찾은 방법중 최선이 백신일뿐더 좋은 방법이 있다면 누구도 여러가지 걱정을하면서 접종하고 싶은 사람은 없다
343,1,백신맞았다고 목숨내놓고 맞았다 생각이 이상합니다 안죽은 사람이 더 많은데   
344,1,백신이 선택이라고? 집구석 기어나오면 뚝배기 터쳐버려야지  결국 자기는 소중하니까 백신안맞고  하고싶은건 다하고 다니겠다는건데  말같지도않은것들      집단  사회  세상이 돌아가기에 결국 소수의 희생은 필요한거고  그게 나나 너나 누구나는 북불복이다  그런데  니들처럼 이기적인 색긔들덕분에 코로나로 더많은 확산  어려움  위중증  사망  소중한시간들이 지연되는거다  편협하고 이기적인 벌레들아
347,0,백신 추종자님들 마스크벗고다니세요 저는 안맞고 마스크쓰고댕길게요    화이팅 코로나 백신맞은사람 꼭 침투시켜서 착한짱_처럼 만들어주세요  
348,1,진짜 무식한 애들 많구나    백신 거부하는 사람 많은 미국 창난거 보고도 생각이 없네
351,0,백신자유지만 나도 안맞고 싶었지만 사람들 만나는 직업이라 타인을 위해서 맞았다
352,1,어쨋거나 공연하는 사람들은 백신 무조건 맞아야지 그 정도로 생각이 없나    평범한 회사원들도 피해 안 주려고 배려차원에서라도 맞는건데 결국 확진 됐으니까 피해는 어쩔   
354,1,만약에 전국민이 백신안맞는다면  어케될가 다 죽는거제 울엄니도 백신때문에 고민많이했어다 이약저약 먹다보니 행여나 가버리면 어캐할가 고민했어는데 엄니가 백신맞겠다 하도 졸라대서 결국 큰맘먹고 맞아는데 생각외로  반전되서 증상없이  차 다 맞아네요 죽고 사는건 본인각자에게 생각하지만 그래도 도전해보시는게 낳지않아을가요
355,0,강요 하는건 아니지  나도 회사 다니니 어쩔수 없이 맞긴 맞았다만 안맞을수 있다_ 나도 안맞았을듯
358,0,망할 정부야  국민들에게 백신 강요좀 그만해라  진짜목숨 내놓고 맞아야 한다  백신이 그리 좋으면 정부 고위급 너희들이나 충분히 맞아라
361,0,빨갱이들이 완장차고 다니면서 인민재판하는거하고 뭐가 다르냐? 개인의 자유와 생명권 침해하는거다  그리고  백신 맞아야 하는 이유가 뭔데? 돌파감염 나오고  백신접종률 높아져봤자 확진자 늘어나는건 뭘로 설명? 화이자 임상 부실 조작 논란은 뭘로 설명할래?
362,1,어떤 약이든 부작용이 있다  세상에 완전히 안전한 약이 어딨나? 단지 그 약을 먹는것이 안먹었을 때보다 이익이 크니까 먹는거다  백신도 마찬가지   임창정 같은 놈이 있으니 우리나라에 코로나가 안잡히는거다 
363,0,화이자 인증도 개 같이 했다는건봤지? 사람목숨이 죽으면 다시 살아나는것도 아니고   목숨걸고 맞았다는사람들 니들은괜찮나보지    아닌사람 은 이유도모르고 죽어나가고있어
364,1,백신 두번맞고 잘 살고있는 사람이 더 많을건데??? 코로나 걸렸을땐 코로나라 난리고 백신안놔준다고 난리고 아죠 멀해도 불만이 많어
366,0,목숨걸고 맞아봐야 돌파감염
369,0,공인은 무조건 맞았을줄알았는데    뭐 나도 안맞긴했음
371,0,백신룰렛에 목숨 내걸고 죽을지 부작용에 시달릴지 그럭저럭 넘어갈지 도박 해야하나?
373,0,코로나 안 걸린다고 해서 백신이란걸 맞았으면서 뭐가 두려운건가? ? 내가 맞고 싶어서 맞았으면 된 거지   백신을 맞고도 코로나를 두려워 한다면 그런 백신을 목숨을 걸고 왜 맞은 거니? ?  그래서 나는 안 맞는다      
375,0,애있는 가장은 진짜맞기힘들다  애들 책임져주냐? 이 미친개정부  
376,0, 차 까진 부모님 때문에 어쩔수 없이 맞았지만 부스터나  차는 절대 안맞을란다 뭐 의미도 없잖아 솔직히
377,0,백신 맞은 강예원씨도  결혼식_ 마스크는 _을 것이요  이렇듯 백신은 뭔가 불안하오
378,0,나도 맞기싫고 죽기싫다 개돼지들아
380,0,백신맞아도 걸린다 이자슥들아
381,0,그러니까 백신을 무조건 맞아서 죽든지 살든지 지네가 알 바는 아니고  백신회사 돈을 많이 벌겠다는 소리네 그 백신보다 마스크가 더 안전하다고 생각하고 또 코로나   를 치료할 수 있는 약이 나오면그것이 백신보다 낫다고 본다 
382,0,백신보다는 치료제 개발이 중요할 듯 싶다 
383,0,응 백신팔이  차 접종 부스터 맞아도 걸려      
385,0,백신이고 나발이고 치료제를 만들어야지 마스크 벗던 할거아냐 백신은절대 못믿지
386,0,살인백신 줘도 안맞는다
387,0,백신 효과는 제로다 코로나는 인간 이기주의에 대한 경고다  아직도 이웃을 사랑하지않고 개인 집단 이기주의로 살고 있으니 격리 더 당해봐야돼  인간도 신이 만든거인데 그깟 바이러스 하나 못만들까?우주관을 깨우치고 인간을 사랑할때 역병이 사라지는거야  지금도 굶어 죽는 인구가 어마 무시하게 있는데 니거는 술처 먹잖아  인간 자체병은 의학으로 점령한다 해도 신이 선물한 바이러스는 인간이 고칠수가 없다  
388,0,절대로 안믿는다
389,0,고마해라 마이 맞았다 아이가 다 팔아묵어으 이만하면 만족해이렇게 말하네    
390,0,백신 안맞고 치료제를 기다릴래
391,0,백신 만든 제약사에서 부작용면책 요구했는데 무슨 가짜뉴스라니 이거 백신강제접종하고 다 죽일려고하네
392,0,백신 안맞습니다  절대 안맞습니다  제약사에서 부작용 면책요구한 백신 안맞습니다 
393,0,절대 안맞을란다  좋은거면 국민알아서 챙겨 맞겠지
394,0,지금 모든 백신이 실험입니다  화이자고 모더나 아스트라 건 지금 은 전세계가 백신에 대한 실험이다  몰랐냐  머 인증받고 임상실험 할 시간이나 있었다고 지금 백신이 나온줄아냐
395,0,백신 맞고 후유증 올리려 해도 못올리는 죽어버린 사람과 전신불수 등 꼼작도 못하는 사람들도 있는 것이 팩트    아무런 피해호소도 못하고 개죽음인 것도 팩트    동기간 코로나 사망보다 더 많은 사람이 죽었다고도 하는데     접종한다고 달라지는 것 하나도 없는것도 팩트
396,0,너나 많이 맞으세요
397,0,병들고 죽은자는 말이없다
398,1,우리부부도   맞았는데 남편은 근육통만있고 나는 근육통과 미열이외에는 아무증상이 없었음 차도 가능하다면   로 맞을거임 오히려 섞인다면 부작용이 생길거같아임
399,0,   북한에 몰래 빼돌릴려고 계속 들여오냐? 있어봤자 폐기만 나는걸 왜 쳐사는거임 자꾸?          
400,0,응 안맞아 백신접종자들 몇년뒤 상태보고 맞을지 안맞을지 결정할거임 나를 위해서 데이터를 쌓아줘서 고마워
402,0,죽은자는 말이없다
403,0,당장은 괜찮을지 몰라도 혈전은 수개월 언제발현할지 모르지
404,0,난 한국백신 나올때까지 기다릴꺼다 외국꺼 못믿겠다
406,0,정치인들 나마도는    백신 모두 맞으세요그럼 생각해 볼랍니다 
408,0,남이 괜찮아도 내가 혈전증 생기면 끝이지 모든 백신에 다 문제점들 있다지만   가 젊은 사람들한테 특히 심한데 백신 없다고 그걸 맞으라고 한다니
409,1,  살이구요오늘  시에 아스트라 맞고 왔는데주사 맞은쪽 팔이 저리는것 근육통  빼곤 괜찮습니다  차는 교차접종 하려구요 지금 예약하면 한달은 더 기다려야되는데잔여백신 예약되서 오늘 맞고왔네요
410,1,뭐든 안맞는거보다 맞는게 좋지않음?
412,1,맞았는데 전혀 괜찮던데요?우리 직원들 모두 이상 없었어요과장되게 소문이 난거같음
413,1,화이자 모더나는 잘못되면 죽는데 뭐가나을지 선택지가 있나?그냥 빨리 맞을수 있는거 맞는거지
414,1,코로나 백신은 뭔가 스카이 다이빙 같은 느낌임  스카이 다이빙시 낙하산 불량등으로 사고가 나는 일은 거의 없지만  사고가 나면 대부분 사망사고 이고 사고에 대한 책임을 아무도 지지 않는다  스카이 다이빙 하는거야 원해서 하는거지만  백신은 사회의 암묵적 분위기 압박 및 정부 권유가 있는데 사고가 나면 피해자 당사자 말고는 누구도 책임을 지지 않으니 무서운거지 
415,1,저 기사가 맞고 그렇게 인기가 좋으면    수입을 해서 맞게 하면 되겠네    는 남아 돌지 않겠냐 미국은 맞지도 않아서 물량 넘칠 거 같은데 수입을 해 부작용 있어도 맞겠다는 사람 많으면 이번 달에 몇 천만 명분 수입 하지 뭐하냐
416,0,맞아보니 괜찮아?      그건 살아남은자의 얘기죠  죽은자는 말이 없습니다 
417,0,맞고 당장 안죽는다 하더라도 장기적으로 안전하다는 보장은  도 없음  저런 말 믿고 맞았다가 잘못되면 어디 하소연할데도 없다는걸 알아야함 
418,1,그래도 모든 부작용과 사망자가 가장 많은 백신은 화이자라는거  뭔 실험대상?
419,1,웃기는 소리 하지마라 괜찮으면 처음부터 맞게 해줬어야지 이제 화이자 모더나 맞을때 되니까 아제를 들이밀어?
421,1,비율의 차이는 있지만 어쨋든 세계적으로 사용하는 백신들인데    
422,0,백신 맞아도 걸리는데 왜 저렇게 강요할까??  백신접종사망자가    명정도 되는데  코로나걸려도 죽지않는걸 백신맞고 죽으라고???  백신도 없으면서 쇼만하고   가짜들   
423,0,몇년후 어떤 부작용 생길지 모름
424,0,몇퍼센트 안된다해도 내가 그 몇퍼센트에 속해 죽으면 끝인거지
425,1,맞아보니 괜찮겠지 아직 살아있으니까     
426,0,사람한목숨은 소중한건데 조금의 치명적인 부작용이있으면 안되지
427,0,안맞아  이딴 기사도 꼴보기 싫어
428,0,조작질좀 적당히
429,0,한국이 전세계를 위해 전연령 마루타 시험해주는중    
430,1,수년간 감기한번 안걸린 사람으로서 일하는데 필요할듯 싶어 억지로 맞았는데 아스트라였음 안맞았을거야 다행히 모더나라서 맞았는데 아무런 이상이없음
432,1,어떤 미친 정신나간 자식이 아직도 실험하나 하는   하는겨?
434,0,겁내 아팠지만 괜찮았다  왜 그 반대경우는 인터뷰 안하시나요? 괜찮은줄 알았는데 아직까지 후유증 있는 분 인터뷰도 같이 실어주세요
435,0,    목숨이 장난이냐
436,1,영국프리미어리그 안봤냐 전국민 아스트라맞고  만관객 꽉찬거 아무거나 아니다 중국산만 아님 다 맞아두 될듯 좀 맞고끝내자
438,0,전 어렸을때 홍역주사맞고 발작이 온적이있어서 백신공포증이 아주심합니다. 군시절에도 입소대대에서 수백명의 훈련병중 저 혼자만 파상풍주사 거절했어요. 이번에도 코로나를 걸렸으면 걸렸지 백신은 죽어도 못맞겠네요. 1~2년후 국민 대다수가 맞았는데 저만 안맞아서 불이익이 올까봐 두렵습니다.
439,1,교수님!!  교수님!!백혈구 수치가 경계선에 있는 20대가백신 맞아도 괜찮을까요??
440,0,기저질환없어도 백신맞고 사망하는경우가 계속 나오고있는데 이게 과연 안전한것인가 하는 의문이 계속드네요지금 백신맞고 사망한 사람 가족분들도 부검검사안하고 그냥 화장하는 경우가 많아서 백신사망자로 집계되지 않는 경우도 꽤 있는거같고그냥 저는 이번 백신은 건너뛰고 나중에 더 안전한 백신이 나오기를 기다려보려고 합니다..
441,0,"코로나-19 시대에 백신, 치료제, 진단키트보다 더 효능이 좋은 약품, 전자의료기기, 첨단의료 소재/부품/장비가 나온다면 얼마나 좋을까.......지금 연구원에서도 그런 걸 개발할려고 힘쓰고 있을텐데......H1w g11d w1uld it be if, in the age 1f C1VID-19, drugs, therapeutics, diagn1stics, drugs, electr1nic medical devices, and advanced medical materials/c1mp1nents/equipment were available that were better than vaccines, therapeutics, diagn1stics.I think researchers are trying t1 devel1p that right n1w..."
442,1,저의 어머니께서 오늘 화이자 백신접종 하시던데 제발 사망이라던가 부작용도 없으시면 좋겠네요.우리모두 힘을내서 코로나를 이겨냅시다! 힘내세요! 여러분들!
443,1,"백신 맞았습니다. :)  저는 과외를 하고 있는 대학생이고, 제 친구들도 모두 과외를 해요. 만약 제가 코로나에 걸리게 된다면 저 뿐만 아니라 친구들이 가르치는 초등학생들 이나 집에 계신 다른 가족에게, 또는 같이 사시는 우리 할머니 할아버지에게 치명적이라고 생각해요. 저는 물론 건강한 20대니까 코로나에 걸리면 완치되겠지만, 할머니 할아버지는 그렇지 않을거고 물론 아이들도 후유증이 있을 거에요. 또 코로나를 제가 옮긴다면 그 죄책감에 너무 슬플 것 같네요 ㅠ_ㅠ 각자 알아서 생각하시고, 최대한의  방역을 지켜주세요 ! !"
445,0,"코로나19를 깔끔하게 종결시킬수 있는 백신이 나왓으면좋겟네요 그전까진 마스크 착용, 손소독제 사용등 코로나19 방역수칙을 잘지켜주신다면 더빠르게 코로나19를 종결시킬수 있을것같네요 화이팅"
448,0,저희 시외삼촌은 기저질환이 있으신데백신 맞고서 지금까지 아프세요들어오고 얼마안되서 금방 맞으셨는데신부전증이신데 백신 맞고 엄청 앞셔서입원하시고 오셨는데 살이 무진장 빠졌어요그리고 얼마전에 또 입원..몇달째몸이 안좋으시더라구요ㅜㅜ
450,0,"선생님 질문이 있습니다. 감기는 변이때문에 치료제나 백신이 없는데 코로나도 마찬가지 아닌가요? 델타는 이미 백신을 많이 무력화 시켰고, 여전히 지금도 변이는 진행중이지요. 이것을 왜 맞아야하는지 모르겠습니다."
451,1,2009년도인가 그때 신종플루가 한창 유행할때였는데 그당시에 지방 지역인 여수에서 살고있었고 그래서 크게 신종플루 위험성을 못느끼면서 지냈는데 그당시 보건소나 이런곳에서 많은 사람들이 접종 받고 했었는데 그래서 가족들도 다 접종 하고 나는 그때 당시 학교에서 접종 한다고 들은거 같아서 나는 어차피 학교에서 단체로 맞을거라서 안맞았는데 하필 몇일뒤에 내가 신종플루 걸려서 진짜 고열에 하루종일 토하면서 죽다 살아난 기억이 있어서 그 충격으로 코로나도 얼마나 위험한지 알기때문에 집에서 가능하면 거의 안나가는 수준으로 지내고있네요 백신 안좋은 이야기 하는 곳들도 있는데 정부에서 잘 검토하고 현대 기술력을 믿고 백신 접종을 하게되는 날이오면 다들 지침대로 잘 따라 주셧으면 좋겠습니다. 하루 빨리 마스크가 필요 없는 날이 오기를 기대하며 다들 건강 조심들하세요
453,1,코로나 확진후 센터에 있다가 오늘 나왔는데 나가기전에 코로나 검사했다가 아직 확진으로 검사에 떴는데 원래있던증상이 더 심해지지도않고 별 크게 아프거나 이런게 없어서 전파가능성이 없어서 퇴소 했는데 백신 바로 맞아야하나요? 아니면 한두달있다가 맞아야 하나요?
454,0,좋은 영상 감사합니다. 이 영상을 보고 코로나 백신을 안맞기로 결정했습니다.
455,0,좀 더 기간두고 만드는 편이 낫지않을까요..ㅠ 아직은 더 버텨야할 것 같은데..지금 맞으면 코로나 걸린것만 못할 것 같은데ㅠㅜ
456,1,1차 A.Z 맞고 2차 화이자나 모더나  맞아도 되는지요?
458,0,백신이 이렇게 빠르게 뚝딱만드는게 아니네요 의사씨 최소5년이상 연구실험이 있어야 어느정도 안전한 백신이 나와요
459,0,지난주화이자백신접종 다음날아버지가 돌아가셨습니다 접종전 부작용및 주의사항 충분히 알아보지 못한 자괴감에 원통하고 비통하고 한이 서립니다
460,1,화이저백신은 3차임상실험에서  백인 라틴 흑인은 94프로 이상 효과를 보였지만 동양인은 74프로만  효과적이였다네요.
463,0,백신이고 나발이고 확실한 치료제가 나와야할듯..
464,0,백신 맞지마세요(화이자)1차 : 아무느낌없었고 미열과 살짝의 오한등이있었음2차 : 맞은당일 밤까지 아무이상없이 넘어갔다가 새벽부터 갑자기 열이 38도까지 올라감 그 후 39도 까지도 올라갔고 골반 어깨 복근 쪽 근육이 녹아내리는듯한 고통에 시달림 밥을 먹는데 맛이 느껴지지않았고 타이레놀은 효과 조차없을정도로 사람을 망쳐놓음....백신맞지마세요 제발요 부탁드릴게요 백신 맞지마요
466,0,백신 맞추기전에 니들부터 맞아 괜히 군인들 피해주지말고 군대에서 억지로 백신맞게해서 2차맞고 거의 죽을뻔했다 병을 막을려고 백신을 맞았는데 오히려 더 아프네 진짜 백신개발자들부터 다 쳐맞추고 나서 판단했으면 좋겠다
468,0,도대체 어떻게 다른 백신들보다 이리 빨리 개발되는지? 그것도 얼마 되지도 않은 신생 회사에서? 정확한 정보를 알려달라
470,1,"뭘 자꾸 이렇다 저렇다 해.. 입 아프게..1) 맞기 싫은 사람 뭐라하지 말고 냅둬. 코로나 걸려 죽는 사람은 죽고 걸려도 안죽는 사람은 다행이고.2) 맞고 싶은 사람은 1,2,3차 부스터샷 실컷 자유롭게 맞게 하고 부작용이나 사망도 스스로 감수하게 하면 되고."
471,1,"7,8년동안 병원을 안다니다가 갑자기 백신 맞을라니까..  내가 무슨 기저질환이 있는지도 모르면서 살수도있는거고 백신때문에 이것저것 검사하러가는것도 부담되고 참 애매하구만유.더군다나 이제껏 나온 사망사례들 대부분이 정부에서 백신과 관련없다고 한부분도 많고 사망한 사람들만 급살맞은꼴이라서 이부분이 백신거부감을 더키우는게 아닌가싶어유.그래도 맞아야지..  안맞으면 금년이후에 정부에서 새로운사회적제약을 만들지 모르니까요.  백신님.. 제발 심근염같은거 안걸리게해주세요.   저 고지혈에 , 고혈압있습니다..."
473,1,저 궁금한게 빠르년생인데 03이긴한데 올해 대학교 들어가는데 빠른년생들은 법적으론 성인이 아니니까 빠른은 못맞나요?
474,0,모더나1차(8월17일)접종후... 백신부작용(8월19일)응급실다녀왔어요...그 이후로 백신후유증으로 2주에서 3주정도 고생했었는데... 매년마다 독감도 맞고있는1인데ㅜ 2차때 양팔에같이 맞아도 상관없다.. 질병관리청에언 이런얘기를.. 하는데요.. 이런말을... 못 믿겠어요..ㅠ 정확한 인과성을 가지고나서 입증된 코로나 백신이면... 믿고 2차때 양팔에 맞을수있겠지만...ㅠ 1차때 백신부작용으로 백신후유증까지 겪어서 백신접종후 3주동안 고생해서... 과연... 같이 맞아야 하는게 맞는건지...정말 의심스럽고 의문 스럽네요...ㅠㅡㅠ
476,0,"접종 전 : 기저질환자분들 꼭 맞으세요접종 후 : 기저질환때문에 죽었음. 백신 부작용 절대 아님. 그렇다면 그동안 약으로 잘 조절하며 정상생활 하던 사람들이 백신 접종 후 기저질환이 폭주해서 사망한 것임??? 의사들이 왜 1년도 안 되 급조된, 제대로 된 임상실험조차 안 된 백신은 꼭 맞아야 한다고 열을 올리는 것인지 모르겠음."
477,0,백신 접종하고 사망한 사람이 1200명이 넘어가고 있는데 예방접종이 필요한가요? 임상실험도 종료되지 않았는데..
480,1,"델타바이러스 때문에 신약9월부터판매되니 옹호론자들은 비접종자욕하지말고 얼른 골라맞으세요들~델타샷 10,000델타부스터샷 20,000델타터보부스터샷 35,000감마샷 25,000감마부스터샷35,000감마터보부스터샷40,000감마마이저 40,000델타투파 50,000올인원 150,000"
481,0,안전하다는 보증도 없으면서 애매하게 얘기하지마세요. 임산부들 맞지마세요
485,0,백신이 최소 5년~10년 걸리다던데전세계 학자나 연구진들은백신을 다 맞질 않았다던데전 최소 3년 지나서 맞을려구요고령자들은 맞아야 겠지만아직 젊어서 ㅇㅇ
486,0,건강한데. 궂이 억지로맞아서 부작용일으켜서  내 신체망가뜨리는건 비효율적이라생각이라들어 안맞고있습니다. 10.20.30대 사망자도  나오는거봐서  안하고있어요.
490,0,교수님도 잘 아시네요 예방목적이 아니라 중증이상으로 가는걸 막아준다는걸 근데 중증이어도 안죽잖아요 저는 죽어도 걸려서 죽을래요 백신맞아 죽으면 너무 억울해 죽으면 차라리 낫지 전신마비 하반신마비 안걸리고 싶고 사망률은 70대 노인 확진자에게서만 1프로 였으니
491,0,그건 이론이고요.ㅠㅠ백신은 수년간에 걸쳐  만들어야하는데1년만에 만든걸 접종 ㅠㅠ
492,0,백신부작용으로 어려운 일 당하면 책임도 져 줄건가요? 생명을 담보로 맞으라구요?
493,1,저미자인데  백신 맞고 안죽으면 좋겠네요 ㅠㅠ
494,1,아무리 백신을 접종했어도 마스크 계속 쓰고 다니고 이전처럼 주의해야 할 거 같다..... 혹시 모르는 거잖아.....
495,1,저도 맞기 싫었는데.... 가족들의 강반제 분위기 때문에 어쩔 수 없이 맞게 되서 좀 불안해요
496,0,백신 부작용 카페는 있어도 코로나 후유증 카페는 없다
497,0,저도 화이자 2차맞고 극심한 어지럼증과 구토가 지속되서 큰병원 신경과에서 뇌ct촬영에 각종검사했는데  주사맞기전에 없던증세가 몸에 나타난거니까 백신이랑 인과관계 있는거 아니냐니까 담당의사는 잘알수없다는 애매모호한 대답만 늘어놓고   최악의경우에 잘못되면 나만 억울한거구나 하는 생각도 들면서 나는 정부방침에 협조하는 마음으로 주사를 맞았는데 정작내가잘못되면 그냥억울한 죽음으로 끝나겠구나 하는걸 뼈저리게 느꼈습니다 사람마다 체질이 다 다르기때문에 어떤사람에게는 별이상없이 넘어가도 어떤사람은 목숨이 왔다갔다할수도 있다는걸 내몸에 이상반응을 보면서 느꼈습니다 이런상황에서 무조건 맞으라 하는것은 아니라 생각합니다 잘못되면 누구도 책임져주지않고 나만 개죽음당하는건데 몸상태가 이렇게 될줄알았으면 2차는 안맞았을것같애요 1차맞았을때 별이상이 없어서 2차도 괜찮겠지 생각했는데 지금6일째인데 계속 어지럼증과 구토가 나아지질 않네요
498,0,물론 뭐든지 주장을 증명하는 예시를 찾으라면 찾을수 있지만 백신 2차접종후 며칠안에 세상 떠나신 30대 중반 어린이집 선생님 얘기 군인 선생님 얘기 등등...
499,1,백신종류에따라 _시시양으로맞아야하나요궁금합니다.
500,0,화이자랑 모더나에서 백신 효과 분석할 때 무증상 감염자들은 배제 시킨건 알고 있는 거임?아스트로제네카가 더 낮은 효과가 나온 이유는 아스트로제네카는 무증상 감염자도 포함시킨 결과이기 때문임
501,0,"코로나19 백신 접종 사망자 및 부상자 통계 (유럽지역 국가 27개국) 위 내용 검색하면 나와요!지난 6월 21일에 공개한 것으로, 유럽연합 국가 27개 국가 전체 통계를 집계한 것이라고 주장합니다. ?그러나 실제 유럽 전지역 국가는 50여개 국가이므로 더 많을 것이라고 말합니다. ?백신 접종후 사망자는 약 18,000명, 부상자가 약 180만명인데, 부상자의 50% 약 90만명이 부상이 심각하다고 합니다."
502,1,53년생    어제 백신 맞았읍니다   예약해 놓고 걱정이  많았읍니다   전 당뇨 고지혈증 이 있어서요  맞고나니 약간  뻐근하기만 하네요
504,0,"안맞으면 안죽거나,  부작용 안생기는데… 코로나 전염되어도 시간 지나면 낫는데… 왜?"
505,0,일주일째 호흡이 불편하다.한번 더 접종하면 심장마비 올 것 같다.
506,0,백신 맞으면 감염 안 되나요? 안 된다면 왜 접종을 해야 하는 것이죠.
507,0,백신 사망자가 630명이 넘었음  코로나 사망자보다 더 많은데  과연 맞을 필요가 있을까   문제는 백신을 맞아도 감영되는건데  백신 무용론이 나오느게 이 때문
509,0,"이미 많은 뉴스에서 코로나백신 집단면역 안된다고 하는데 왜자꾸 백신접종 하라고 종용하는지 모르겠네, 백신맞아도 코로나걸리고백신맞으면 부작용 사례가 하루 수십건이고백신맞아도 치료가아니라 또맞고죽을때까지 접종해?"
510,1,울아빠는 화이자 백신접종 했는데 아무 느낌도 없어서 다행이였어요 ...
511,1,백신빨리나왔으면좋겠다
512,1,백신짱
513,0,지 부모는 안 맞게 하면서 다른 사람들을 맞게 할려고 하네 역겹다
514,1,부모님 둘다 2차까지 백신 맞으셨는데 멀쩡함... 맞고나서 팔 좀 아픈것 빼곤 달리진게 하나도 없었음
516,1,"저는 친구 말듣고 접종 맞았어요.탈모약 먹기전에 잘기부전,여유증 등_ 부작용 있다고 말이 많아서 복용을 고민했는데결국 먹고나서 아무런 부작용이 없었어요.친구들한테도 이거때문에 술마실때마다 고민이라고 이야기했는데백신 부작용이 탈모약 부작용보다 적다고 하더라구여"
517,0,a형 독감 쳐맞고 죽는 애들 봤냐 코로나백신은 쳐맞고 죽은 애들 매스컴에 엄청 뜨는거 보면 분명 문제있는거다
518,1,당연히 백신을 맞으면 열이 날 수 있습니다. 독감 예방 주사도 맞고 나서 열이 날 수 있다고 병원에서 알려줘요. 열 나는건 부작용은 아닌 것 같습니다. 물론 다른 부작용이 나올 순 있지만... 그리고 거짓 정보들이 너무 많은데 그런것 가지고 겁 먹지 말고 우리 다같이 용기 내서 백신 접종 받읍시다. 그래야 코로나도 빨리 끝나고 백신 효과를 발휘 할 수 있죠. 다들 무섭다고 피하기만 하면 코로나가 끝나는 시기만 늦추는거에요
519,0,백신이란게 최소 10년 임상검증후 나오는건데 만든지 1년도 안된 임상3상도 안된걸 믿고 맞으라? 건강하고 기저질환 없는 청년도 죽어나가는 마당에 ... 난 마스크 쓰고 버틸란다
521,0,검증안된 백신반대코로나는 못막고 산사람을 때려잡는데그게무슨 백신이냐.
522,0,선생님 저 모더나 1차 접종 마쳤는데 2차 안 맞아도 되나요
528,0,진짜 백신 왜 맞아...ㅠㅠㅠ
529,0,맞지 말아야 겠습니다
530,0,1년만에 만드는 백신은 없다.저것들은 백신이 아니다.
531,0,아니 뭔 러시안룰렛도 아니고 맞고 죽을지 아닐지 모르는데 어떻게 맞으라는거지?
533,0,무슨 중중의 환자만 백신맞고 죽음? 젊은사람도 맞고 죽는사람 있는대 어떻게 설명할거임? 그건
535,1,저두 곳..코로나 주사 맞으로가요ㅠㅠ
536,0,난 혈전이  많다는데 피검사하니?나이도 있어서안 맞을것임ㆍ그냥 코로나 걸리는편이?
537,1,가려움 증이야 뭐 이미 경험랬지 맞은 부위가 벌겋게 부어올랐음백신 주사 맞을 때 안 아프기만 한다면 얼마든지 맞아주마
538,0,백신 부작용.... 사망실험쥐로 살지말자.내 생명은 소중하니까.
539,0,건강한사람이 굳이 맞을 필요가 있을까여 멀쩡한 사람이백신맞고 사망한거 보니까 접종하고싶은맘이 전혀 없어여
540,0,한마디로 전 인류를 상대로 하는 생체 실험
541,0,백신맞아도 코로나걸립니다 효과없어요 백신맞고 코로나걸린사람있던데
542,0,백신빨리.나오고.부작용없기바래요
543,0,전국민 다맞은 나라나 안맞은나라나 그게그거던데
544,0,그 부작용이 문제야~~누가 보상해 주는것도 아니고~~책임질건감?
545,0,아니..살아있는 분 생존신고 좀
546,0,"10년이 넘는 임상실험, 그 과정에서 확신을 가지고 많은 돈을 투자해서, 성공적인 백신이 나올 확률은 7% 입니다. 1년만에 만든 백신이 정말 백신으로써 역활을 할수 있을까요?나온지 1년도 되지 않았는데, 단순히 데이터가 크다고 해서 장기적인 안정성과 백신의 효과가 있다고 단정짓기엔 너무 섣부른 게 아닐까요?"
549,0,맞기무섭네요ㅡㅡ
551,0,안맞고 싶어요!!
552,0,두달전모더나 백신맞고 2주있다가 부작용으로 한달전중환자실에서 사경을헤메다 오늘사망
553,1,현혹되지마시고 맞으셔요
554,0,그냥 디질때까지 마스크쓰쟈
555,1,중국산 백신 시노밥 도입이 시급 합니다. 3세 이상 대다수 접종 가능. 특히 당뇨 고혈압 심뇌혈관질병 기저질환 환자분들 한테 화이자 모더나 보다 더욱 적합 합니다. 유효울이 51% 이지만 항체형성 실패한 경우에도 중증전환율과 치사율이 90% 감소 됩니다. 최고의 안전성이 시노밥 백신의 장점 입니다.
557,1,지금 아스트라제네카   백신맞있는데아주 안전하고 좋습니다
559,0,맞지 마세요
560,0,믿음이 안가서 안맞음
561,0,저는 안 맞을래요
562,1,하.... 이 영상을 보는 이유를 모르겠다 불안한건 알겠는데... 코로나 걸리는것보다 백신 부작용이 더 낫지 않냐? 백신맞아서 위독해질거였으면 코로나 걸렸으면 말 안해도 알잖어...;; 지푸라기 잡는 심정으로 군말말고 다들 맞아야 한다 생각함
563,0,주사맞을려니망설여집니다ㅡ허리까지삐긋해가지고ㆍ허리가아프거든요ㆍ고지혈증있고ㆍ알레르기ㅡ중증질환은뇌졸중환자이겠지요ㆍ우리집아저씨도뇌졸중환자입니다ㅡ주사는일단보류해놨는데ㆍ심장에스탠드넣고ㆍ저는위장약ㆍ알레르기약ㆍ고지혈증약세개먹고있는데ㆍ아직불안해서주사는못맞겠습니다
564,1,댓글 보니까 제정신 아닌 사람들 _케 많냐ㅋㅋㅋㅋㅋㅋㅋ 다들 백신 양보하세요~ 제가 다 맞을게요ㅋㅋㅋㅋㅋ
565,1,고지혈증 있는데 약은 먹고 있는데 혈전증생긴 안나요 백신맞는면 괜찮아 요
566,0,나는.한개도.안맞았는데.전혀.이상없슴
567,0,전 세계에도 없는 위대한K방역이 있는데왜 백신이 필요하죠?
568,1,아 백신맞아서 뭔가 뿌듯하구만
569,0,응 안맞아^^
571,1,당연 맞아야지 ?
573,1,?@스티브? 백신접종후 사망자 부상자지 백신으로 인해 죽은사람은 극히일부입니다^^;악마의편집
574,0,?@민서? 무슨 소리에요 지금 국가 청원이랑 젊은 기저질환없는 사람 백신맞고 하루이틀만에 계속 죽어서 코로나보다 더 죽는데 젊은층은 코로나로 죽는건 기저질환자 매우 극소수말곤 없다고 봐야하는데 매우 극소수에요 평균 사망자 80세 가까이되고 나이많을수록 위험하지 백신은 어릴수록 백신이 더 사망률이 높고 실제로2030은 백신 사망자가 더 많아요 알고 말하세요^^
575,0,?@고니? 그러게요 사람들이 멍청해서 백신이 신인거마냥 찬양하네요 ㅋㅋㅋ 현실을 모르네
576,1,그런 백신은 없어요.. 독감도 매년 맞는 백신인데 공존할수 있는 방법을 찾는게 맞는겁니다.
577,1,저는코로나백신1.2차괜찮아요^^주사부위만아프고ㅠ.ㅠ
578,0,가족 친척 분들이 지병 앓고 계시면 백신 맞지 말라고 하더라구요...
579,1,?@v.v? 티비나옴 항체생기고 백신맏으면 슈퍼맨 된다햇음 ㅋㅋㅋ
580,0,저도 영상보고 안맞기로햇음 푸하하하
581,0,저도 ㅋ백신은  사기
582,1,?@영포에버? 코로나 끝내려면 어쩔수없어요 더이상 늦추면 자영업자들 다망하고 경제도 회복할수없을정도로 떨어져요 전체 접종자중 부작용이 중증까지간 경우는 극히일부예요.큰걸보세요 작은거말고
583,1,?@민서? 26일날 맞으러갑니다.
584,0,?@민서?  큰걸보라구요? 그와중에 작은 사람들 목숨은 그냥 넘어가자는겁니까?
585,1,미래에도 부작용 없는 완벽한 백신은 없음 백신 맞으면 코로나가 끝나는게 아니라 백신 맞아야 위드 코로나 할 수 있음
586,1,?@LU0Y? 그래도 맞아야지 멍청한 놈아 귀한 시간들여서 접종한 사람들은 호구냐?
587,0,구라일듯 말은 누가못해
588,0,삼가 심심한 위로의 말씀올립니다. 힘내세요. 그래서 저는 백신접종 위험성을 알리고 있는데요. 안타깝게도 많은 분들이 홍보와 선전탓에 조심없이 접종하는거 같습니다??
590,0,?@이유진? 백신맞고 죽은사람이 현재613명인가 그런데 델타변이로 죽은사람은? 백신맞고 뒤지면 억울해서 어떻게... 남들이 중요하나 당장 내가 중요한데 임상실험도 백신개발기간도 백신으로 사망해도 인과관계없음 또는 면책권이 주어지는 그런 믿음도 안가는걸 물건도 사면 as기간 보증기간이 있는데 내몸을 실험해서 as도 안해준다는 백신을 어찌 쉽게 맞을 수 있으랴... 더 기다려봐야지
591,0,백신이란게 충분한 임상실험등으로 10년이상 걸려 만드는건데 코로나 백신은 그렇지 않잖아요. 긴급승인한거지.. 안맞으면 치료비부담 본인이라고 하는데 맞고 죽어도 인과성인정안해주면서 과실도 본인책임이라는데 뭐가 더 현명한걸까요 백신 접종을 강요하는게 더 무책임하다 생각 듭니다.
592,0,?@이유진? 남 배려하려고 내가 아플 위험을 감수해야하나요? 물론 가족 지인한테 옮는건 안타까울 일이지만 개인이 의료인 힘들걸 생각해서 백신 맞는게 낮다고 판단하는게 과연.. 본인을 위하는 선택인가 싶네요
594,0,백신이 바이러스보다 더 위험할 수 있습니다 누구도 믿지 마시고 부작용 조사해보고 신중하게판단하기 바랍니다 젊은 사람들은 코로나 치사율이 독감보다 낮습니다
598,0,맞지마세요 정말… 마스크 잘 쓰시고 손소독해요 본인선택이긴한데 알러지 있으시면 안 맞으시는 게 좋을 거 같아요… 지금도 백신피해자 많이 나오고 있습니다…
601,0,지금까지 백신 부족해서 못맞은 사람이 훨씬 많은데 코로나 안걸렸음걸려도 사망자가 초기보다 낮고 자연치유자가 훨씬 많아서 그런지 발표를 안함근데 백신맞고 죽은사람 674명이상이고 부작용 난 사람들 많음그 중 인과성 인정 딱 2건뿐임2주전에 건강한 수영선수도 백신맞고 죽음이게 뭘 의미할까요?맞지마세요 마스크 잘 쓰고 청결만 유의해도 됩니다
602,0,그럼 안맞는게 백퍼 낫지
603,0,주사 알러지 있으신가요??그럼 위험할듯 싶어요개인적인 생각이지만 저라면 안맞을것 같습니다걸리지도 않은 병때문에 목숨을 걸순 없잖아요잘생각 해보시길 바랍니다
606,0,저도 안맞으려구요. 20대에 별다른 병도 없고해서 마스크 잘 쓰고 손 잘 씻고 다니려구요. 20대 치사율이 0.01%인데 .. 백신맞고 죽을 확률이 더 무섭네요
607,0,?@망고? 저도요 ㅠㅠ 안 맞을려구여
608,0,나도 안맞아 ㅋㅋㅋㅋㅋㅋㅋㅋ 중증으로갈확_이 애초에 적은데 왜쳐맞음 ㅋㅋ 백신맞고죽는사례가 훨씬많아 ㅋㅋ 죽지않앗을뿐이지 드러누운사람들 개많음 심지어 백신맞고 얼마 지나지않앗는데도이럼 ㅋㅋ 과연 시간이 흐른후에는 어떤 부작용들이 나타날까
609,0,안맞고 싶은데 이 나라에서 안맞고 산다는게 어떤 통제와 불이익을 당하게 될런지 그게 두렵다.
611,1,"전문의의 의견이 중요하구요, 개인리서치도하세요. 이미 하버드를 뉴잉글랜드저널에 임상실험 보고 나왔습니다… 18주 임산부이고 제일 걱정되는 사람으로서 전문가말을 따르렵니다. 유럽미국캐나다 이미 임산부 위주로 백신맞고있고 호주도 저번주부터 임산부우선백신입니다. 한국도 아마 곧 할거같네요"
612,1,?@상츄킴? 대한민국 99%의 의사가 아니 전세계의사 모두 백신맞으라고 권고합니다 ^^;
614,1,코로나 끝내려면 어쩔수없어요 더이상 늦추면 자영업자들 다망하고 경제도 회복할수없을정도로 떨어져요 전체 접종자중 부작용이 중증까지간 경우는 극히일부예요.큰걸보세요 작은거말
615,1,임상 3상까지 마친 상태인 백신도 있음.
616,1,이 댓글 보니까 무조건 맞아야겠네
617,0,?@Hann? 니가 더 무식한거같은데 뭘 알아보고 하는소리냐? 니가 진지하게 백신에 대해서 외국 논문이든 뭐든 서칭해봐라. 긍정적인 반응 단 한개도 없다 멍청하니까 용감하구나 ?
618,0,지인 한명 영구장애
619,1,왜 안맞아..?
620,1,?@김미야옹? 현 상태보단 나아집니다. 그리고 백신 맞으면 코로나 걸릴 확률 몇배는 줄어듭니다. 쓸모없는것처럼 말씀하지 마십쇼.
622,1,?@Kevin Klein? 너나 좀 생각을 하고 말해라 으휴 난 어차피 7월 30일 예약했다.
624,1,곧 맞으러
625,0,맞지마세요..
626,0,?@응응? 안맞았어요~!! 다행이네용 노약자 부터 한다네영
627,0,?@치카치카? 절대 맞지 마세요 ..
628,1,오늘 맞았어요 괜찮아요 ??
629,0,건강한사람이 코로나 걸려죽은건 안보이지?
630,1,건강한사람들이 맞는이유는 코로나 걸려서 죽을까봐 보다는 주위사람들에게 옮길까봐
631,0,2100명 코로나 사망자 중 20대 사망자 6명 백신 맞는게 죽을 확률 더 높을듯 ㅋㅋ
633,1,못 벗어납니다.  코로나와 공존해야 해요.  근데 백신 맞지 않겠다는 사람들은 공존을 포기하고 코로나 종식만 기다리는 허무맹랑한 사람들이죠
635,1,걍 맞아라 _나말많노..
638,0,저도안맞어래요
639,1,?@넥스트? 코로나 끝내려면 어쩔수없어요 더이상 늦추면 자영업자들 다망하고 경제도 회복할수없을정도로 떨어져요 전체 접종자중 부작용이 중증까지간 경우는 극히일부예요.큰걸보세요 작은거말
640,1,?@Berez? 마스크를 두겹으로 겹쳐서쓰는게 최고의 방역인데 백신 없으면 평생 써야지. 최고의 우수 백신을 맞아도당연히 마스크 써야하고백신으로 항체가 있어도만약 코로나에 걸리면 이겨낼수 있지만 감염 초기엔다른 사람에게 전염시킬수 있기에 먼저 백신을 맞아도남을 위해서 꼭 마스크를 써야되고 집단 면역이 완전히형성될때 까지는   참고로 난 미국에서 모더나 2차 접종 2주전에 끝났지만 마스크는 앞으로 1년간 더 써야한다는.
641,0,아니 왜 설득하냐고???? 답답하다... 국민들 바보아니야???? 미접종자들 엄청 똑똑한거다... 지금 상황돌아가는거보니까 접종 강요할께아니라 중단해야 할꺼같은데 뭐하는건지 모르겠네 아니 접종하면 오히려 병얻고 고생하고 부작용심하면 죽을수도있어... 근데 자꾸 왜 못권해서 안달이야???? 책임졌냐고???? 그리고 PCR아래 왜 통제하려고 들지???? 위헌사항인데.... 그거 알고있냐고???? 헌법소원가능한문제인데 자꾸 미접종자들 화나게 할꺼냐고????그리고 이미 혜택받은거아닌가???? 접종자들 중증예방효과 얻었잖아 고생해서그렇지... 고생한부분이 미접종자 잘못이아닌데 왜 그렇게 끌고가냐고????? 그리고 왜 사과안하지 정은경님아.... 국민께 사과드려야하는거 있지않나???? 피해자들 속출중이고 죽는사람도 계속나오는데 왜 안막지???? 니들 한번 진짜와라... 1:1대화좀하자... 국민들 바보아니야... 적정선에서 끝내라고... 어설프게 통제하지말고 제발.... 정은경님 사임원합니다~ 책임지세요~
642,0,"오늘 모임에서 한분이나 빼고 우리식구들 백신맞고 다 응급실 갔다왔다에서 시작된 백신부작용 호소이야기들 ㅠㅠ두통 , 두드러기,난청,시력저하,설사,심장압박만성피로(예전 컨디션이 안돌아옴)원래 아프던 곳이 더 심해졌다.병원가도 원인없는 부작용은 도대체 언제 끝날것인지...맞고도 아무렇지도 않은 사람도 있겠지만 대부분은 크고작은 부작용에시달리는듯 ㅠㅠ솔직히 코로나 2년동안 그 많은 확진자가 나왔지만 정작 내 주변엔확진자는 없고 , 동선겹쳐 격리 ,지인의 지인 무증상감염 정도이다 .반면 백신 부작용은 너도나도 호소 ㅠㅠ뭔가 주객이 전도된 느낌"
643,0,"국민청원에 부작용, 사망자들 보세요. 백신에 대한 불신 불안? 당연한 반응을 왜 막아서 무조건 맞게 하려는건지. 부작용이 얼마나 심각한지 사망자들 가족도 인터뷰하고   부작용의 심각성을 제대로 알려주라구요! 백신이 보통 5-10년 걸리는걸 1년만에 나온건데 불안하지 않으면 이상한거고 의심하지 않으면 그게 문제예요.  지금 언론이 다 문제잖아요. 의심하고 확인해야죠 당연한걸 왜 안해요?"
644,0,마치 맞으라고 강요하는듯한 느낌의 뉴스같네..소름끼친다..
645,0,난 실험쥐가 아니라 절대 안맞는다맞아도 걸리는데 왜 처맞냐
646,0,미접종자인 내가 접종자한테 주는 외부적 피해가 도대체 뭐길래 정부가 나를 설득하겠다는 것인지.
647,0,"백신 안맞는다 백신 강요하지마라마스크 잘 끼고 다니고, 잘 씻고 잘 먹고 다니는 그 자체가 바로 ""백신"" 이다."
648,0,급조된 백신  맞고   맘놓고  놀려 다닌 사람들 때문에  확진자 늘엇다는건  생각 안하는가 ? 이미 맞은 사람들은 임상실험 당한거지  이미 부작용으로 심근염 생겻을 거다
649,0,난 안맞고 코로나 걸려서 죽을란다 ~
650,0,응 설득할생각하지마 내몸 내가 알아서 할라니까
651,0,설득할 필요도없음..그럴 수도 없겟지만...진짜로 효과있고 부작용 보상 철저히해주면 설득그딴거안해도 알아서 맞는다... 접종률에 혈안되서 맞은후 큰피해입은 사람들은 챙기지도않으면서...무슨...말같잖은말을 해야듣지..
652,0,백신맞고 죽느니 코로나 걸려 죽는 게 낫지. 적어도 그건 조심했음에도 걸렸다는 명분이라도 있으니.
653,0,1차2차 다안맞았다 에초에 심장이 약하고 협심증 비슷한게 있어서 안맞았지만 주변이나 음식점 술집 다 2차까지 확인하는데 나보고 맞으라고도 하는데 내가 맞고 심근염 걸리거나 죽으면 내부모와 가족 남은자들이나 내목숨값은 누가 책임져주냐 인과성도없고 군인이죽어도 보상제대로 안해주는 나라인데 백신맞고 죽으면 보상 제대로 해주겠나 싶은데 누가 책임져주냐 맞는건 자유라하는데 설득한다고 ㅇㅈㄹ하고 도데체 맞고 죽으면 어쩌냐고내아는 경찰관분 주변지인 5명넘게 돌아가셨는데
654,0,백퍼 책임질거 아니면 강요마라
655,1,백신 맞으려고해도 예약 사이트 오류가 너무 많음 취소하고 다시 예약해야되는데 계속 오류남
656,1,오늘 1차 맞고 왔다 목 뻐근해 현재....접종 안하면 죄 짓는 기분이라
657,0,백신 부스터샷 양보하겠습니다
658,0,"8월 30일 AZ 1차 접종하고 아직까지 빨간점, 멍이 생깁니다ㅎㅎ 몸도 전체적으로 계속 따끔따끔 거리고, 이유도 모르네요ㅎㅎ 2주만 더 있으면 8주차인데 ..2차 접종은 고민되네요.."
659,0,강요하고 싶으면 백신 맞을때 부작용이나 잘못되면 정부가 책임진다고 싸인해줘라 그러면 2차가 아니라 20차도 맞는다 혹시나 나 잘못되면 우리가족 당장 손가락 빨아야 한다 누구는 안맞고 싶어서 안맞나 나 아니면 가족들의 생계가 걸려있으니 못맞고 있는거다 안전해지면 당연히 맞고 그게 아니라면 혹시나의 불상사에 강요하는 쪽이 책임져야지
660,0,보상안해줄거면 강요도하지마 욕나오네진짜
661,0,접종률 보여주기식하려고 국민인권을 침해하냐
662,0,내목숨값 100억 주면 맞을깨
663,0,난안맞는다고 전해라
664,1,설득 할거없이접종자들에게만 혜택주면됩니다
665,0,그러니까 말입니다.말로는 설득인데 완전히 강요하는거죠…첨엔 60%만 접종해도 집단면역 … 요 jiral했습니다근데 누가 이렇게 국민의 자유까지 빼앗아가며 접종을 강요하는 걸까요..? 정말 그 인간 독재자네…
666,0,그게백신인가?3개월마다맞으면서몸에무슨문제라도생기는건아닌지걱정된다
667,0,백신들은 다들맞아도 확진자는 자꾸나오고 재접종 세번맞는다고 좋아진다는보장없는데 왜자꾸맞으라고 성화인지 세번맞고 잘못되면 정부에서 책임지냐구
670,0,승리자 = 미접종자
672,0,돌파는 뭘돌파여  백신이 물백신이란거지ㅠㅠ
673,0,미접종자 우리 형님코로나 걸려 감기증상으로며칠 쉬다 거뜬히 정상생활하시는데의사말이 천연항체 생겨 1년은 간다고 했다니 두세달가는 백신이 무슨 의미가 있을까싶네요
674,0,애초에 연구기간 10년이상걸리는 백신을 1년만에 뚝딱해서 인간들 접종시키는게 말이되니?
675,1,코로나 접종 맞은후에 미슥거리고 잘때 심장이 계속 듀근듀근거리며 바늘로 심장을 찌르는 아픔에 숨을 쉬기가 힘들었습니다아침엔 그런 증상이 별루 없기에 병원은 가지 않고 한달을 조심히 지내며 운동도 천천히 늘렸는데 지금은 그런증상이 없어요 그런디 부스터샷은 무서워서 못맞을것 같아요
677,0,뻥까시네 백신 맞고 정상 항체가 반토막이 나겠지
678,0,와이프 백신맞고 면역 완전 무너지고 이석증에 개고생하고 있음
679,1,방송어렵게 하네 ? 이미 접종한사람은 추가 백신보다는 조심하면서 사는것이  더 안전하다. 니라면 3개월마다 맞을래 ? 니자식이라도 ? 한심하긴...ㅠ
680,0,백신 일년에 두번씩 매년 맞으라는 소리.. 맞을때 마다 몸살과 부작용.. 그리고 휴무에 업무지장에.. 코로나 백신접종후와 접종전과 비교하면 언제가 확진자 더 많았는지.. 지금 접종자  80프로 넘는데도 확진자가 훨씬 더 늘었다.. 그렇다고 위드코로나에 마스크 벗고 다니나..
682,0,델타에서 다른 쪽으로 변이 되고도 남았을까 같음..그리고 자연 면역 걸려서 자연 항체 생기는가 정답이다.
684,1,"델타변이 발생했으면 델타변이 백신맞아야 하는게 정석이지, 지금 백신 신제품  나온다고 하는데 또 수입 못해서 난리치지나 마라"
685,0,무허가  백신   항체 효과   오래가지 못한다  !
686,0,이럴거면 그냥 백신 안 맞고 말지. 젊은 사람들은 코로나 걸려도 중증으로 잘 가지도 않는데 재수 없게 백신 맞고 죽는게 더 많겠다
687,0,결론 백신 효력 없다...
688,1,석달만에 항체가 절반으로 떨어진다는 것은 모든 백신에서 공통 아닌가요??모든 국민이 3개월마다 재접종을 해야 한다는 말씀? 어렵운 상황입니다.이러다 평생 3개월간격으로 백신 맞아야 하나요? 문제는 취약층은 백심효과 감소도 빠르고 백신접종 자체로인한  사망률도 높고...제발 이상황이 빨리 끝나면 좋겠습니다.
689,0,백신 물이라는건 다 알려졌는데  3개월안 걸릴려고 이 생쇼를하나?  건강하면걸리고 5.6 일지나면 자연항체생기는데왜 이득도 별로없는 위험한 걸 계속강요하나?
691,0,"3개월 마다 맞고 뒤지면 그 후에는  가족의 생계는,?"
694,0,백신맞고 죽느니 안맞고 오래삽시다.
695,0,목숨 걸고 맞는 백신을 몇달간격으로 계속 맞으라는건몇개월마다 목숨걸고 백신회사 돈 벌어주라는거 ....임...?!백신맞고 나온 사망자가코로나 걸려서  생긴 사망자보다 많음...!!그것참인구 정리하려고  나온 백신인가??몇달간격으로  죽어나가는걸 봐야함....?!
697,1,그냥 각자 적당히 운동하고 밥잘먹고 면역력 키우는것 밖에는 답이 없는듯;;; 2차까지는 맞았지만 3차는 ;;;;;;
698,0,결국 백신맞다 죽는경우가 코로나걸려죽을확률보다 높을수도 있을거같은데
700,0,첨부터 효과는 있었냐 ㅋㅋ
701,0,과연 백신 효과가 떨어진걸까? 애초에 효과가 없었던걸까?ㅋㅋㅋ
703,0,아스팔트는 맞는게 아니라고 배웠음
704,0,백신성능 진짜 안좋네
706,1,독감백신도 마찬가지입니다.그러니까 매년 맞아야  하는 거죠...ㅜㅜ
709,1,미 중앙질병통제센터(CDC)에서 백신의 정의에서 9월1일자로 면역이란 단어를 삭제하고 면역보조라는 개념을 삽입했습니다. 지금 백신은 우리가 알고있는 백신이 아닙니다.
710,1,모두들 부스터샷도 꼭 맞으시길...
711,1,얼른 백신 의무화가 되었으면 좋겠습니다.
712,1,예방 접종은 나의 건강뿐 아니라 우리 모두의 안전을 위한 배려라고 생각합니다.
713,1,빠른 종식을 위해 나하나쯤이야라는 생각이 아닌 나하나라도 맞자 라고 생각하시면 될 것 같습니다
714,1,백신접종하면 타인에게 전염시키지 않고 본인 코로나 감염이 되지않을 확률이 높고 설사 감염되어도 치사율이 현저히 줄어들거로봅니다.
715,1,응 나는 찬성해~~
716,1,전 조금 불안하긴 해도 맞을 겁니다
717,1,저는 일찍부터 2차까지 맞았어요 ㅎㅎ 잔여백신 광클에 성공해서...
718,1,저도 빨리 맞고싶어서 1차때 잔여백신 광클했었어요ㅎㅎ
719,1,저도 2차 접종을 기다리고 있습니다 !
720,1,얼른 많은 사람들이 2차 접종까지 완료해서 좀 편하게 다니고 싶네요 ㅎㅎ
721,1,그래도 맞는게 안전하지 않을까요!!
722,1,다들 백신 맞고 빨리 예전 생활로 돌아갔으면 좋겠어요.
723,1,저도 빨리 2차까지 맞고 안심하고 싶네요
724,1,우리는 위기에 단결하는 국민성이있지요 나보다 남을생각해서 백산접종 참여합니다
725,1,우리나라 의료 인프라나 접근성은 세계최고 수준이지  백신도입이 좀 더 빨랐으면 국민들 고통도 덜지 않았을까 아쉬움이 큼 
726,1,병원가니 기저질환있을수록 백신 더맞아야된다고 합디다
727,1,백신접종의무화 강력하게 찬성합니다.
728,1,백신이 최선이다
729,1,백신 접종 독려를 위해 백신 패스 도입이 필요하다
730,1,백신은 질병의 창궐을 막거나 그것의 부작용을 줄이기 위한 최고의 방법이다.
731,1,백신 접종 의무화는 전염병 대유행 상황에서 불가피한 조치
732,1,모든 직원에게 백신 접종을 요구하는 것이 직원 안전은 물론이고 접종률 고조에도 도움이 된다고 생각한다
733,1,백신은 공중보건의 중요한 부분이다
734,1,백신 접종 의무화 찬성하는 이유는 나와 주변의 건강을 모두 지키는 일이기 때문
735,1,백신 미접종자들의 접종 유도를 위해 백신 접종 의무화를 해야 한다.
736,1,감사합니다 다음에 맞을 기회가 오면 맞겠습니다
737,1,"짜임새 있는 인터뷰와 솔직한 내용이 큰 호감을 주고, 백신에 대한 거부감이 해소되었습니다."
738,1,저도 하루 빨리 백신 맞고 싶네요
739,1,내가 선택한 접종을 후회하지 않습니다
740,1,"첨에는 백신 절대 안맞을거라고 다짐했는데 요새는 생각이 바뀜.!! ㅠㅠㅠ 어서 종식되면 좋겠다,,, "
741,1,코로나백신을 맞아야 항체가 생겨서 코로나바이러스 부터 보호할수있어요
742,1,낫는과정에서 면역 얻어도 소실될 가능성이 있어서 면역은 백신으로 얻어야 이득이죠!
743,1,저도 모더나 백신 맞고 싶네요 
744,1,과학을 믿고 백신을 맞기를 바란다는말 너무 맞는 말
745,1,국가를 믿고 차례차례 맞읍시다. 어떤 백신이든~~
746,1,부럽다 원하는 백신 선택해서 맞는게 부럽구만
747,1,젠장...나도 화이자 모더나 맞고싶어요...예방효과 차이가 ㅎㄷㄷ 한데...
748,1,"화이자, 모더나 부럽다"
749,1,기저질환이 있는게 아닌 이상 꼭 백신 맞으셨으면 좋겠다는 거에요.
750,1,코로나19백신 독감 백신 맞으세요
751,1,더 나은 미래 위해 백신 맞으세요
752,1,백신 맞으세요 20대 화이자 1차 접종 1주일 된 후기
753,1,"델타변이 비상, 오늘 백신 맞으세요"
754,1,백신 빨리 맞으세요
755,1,사망자 가족의 슬픔 들으니… 백신 꼭 맞으세요
756,1,임신 중 감염 땐 조산 위험… 백신 맞으세요.
757,1,치료제 개발돼도 백신 접종 여전히 중요
758,1,결국 백신 중요합니다.
759,1,코로나19 백신 개발이 여전히 중요하다는 의견이 힘을 얻고 있다.
760,1,백신이 얼마나 중요한 것인지를 이번에 알았고
761,1,"코로나 백신을 맞아야 하는 이유, 나 자신 뿐만 아니라 우리를 지키기 위해서임."
762,1,위드 코로나 시대에는 백신 접종이 살 길입니다.
763,1,백신은 반드시 맞아야 합니다.
764,1,나중에 후회말고 백신 맞자
765,1,슬픔에 무감각해지지 말고 백신을 맞아야 한다.
766,1,백신은 맞았을 때 중증으로 가는 것을 막아줌
767,1,안 뒤질려고 오늘 이차 완료!
768,1,백신패스해서 공공장소 못들어가게 패널티 팍팍줘야됩니다.
769,1,빨리 모든 사람이 백신을 맞아야 그게 희생자가 적은거임
770,1,신속한 3차 접종 중요
771,1,12 ~ 17세 소아청소년도 백신 맞으세요!
772,1,백신 접종이 필수적인 이유는 코로나-19 치사율을 낮추기 때문이다.
773,1,백신패스 도입은 백신 접종을 효과적으로 늘릴 수 있음.
774,1,현재 상황에서는 백신이 가장 안전한 수단이라는 게 나의 생각이지
775,1,백신 패스 제도가 시작되면 더 많이 접종을 하지 않을까 하는 기대감도 있는 게 정부의 입장일 거야.
776,1,타인을 위해 백신을 접종하는 사람들에게 혜택이 돌아가는 게 맞다는 의견도 타당하니까
777,1,백신 맞으면 백신패스 찬성하게되긔
778,1,백신 패스 도입 빨리 하면 좋을 것 같긴한데ㅜ
779,1,저는 오늘 맞구 왔어요...!  집 오자마자 타이레놀 챙겨먹기?? 안 아팠으면 좋겠다 ㅠㅠㅠ 흐흐 2차두 같이 잘 이겨내자구요~!
780,1,상반기때는 나이 제한으로 했다면 10월달에는 나이 상관 없이 맞을 수 있도록 해주세요 기다리는 것도 힘들어요
781,1,백신접종 권장하는 이유는 있지 현재 코로나 사망률 국내 0.8% 세계로 보면 1.5%다 문제는 백신없이 자연집단 면역이 생기려면 인구의 최소 70% 이상이 병에 걸려야 한단건 알고 있지? 국내에서 집단면역이 생기려면 최소 3500만명이 코로나에 걸려야하고 그중 35만명 이상은 죽는다 이번엔 백신접종 부작용을 보자백신접종 부작용으로 인한 사망률 0.0017% 사망이 아닌 부작용 신고사례는 1% 내외다 어느쪽이 더 남는 장사인지는 최소한의 능지만 있다면 판단 가능할일
782,1,어째 되었든 비율로 봐쓸때 백신 완료자 감염율이 굉장히 낮음 그러니 효과가 있다고 봐야죠
783,1,백신 2차까지 추석 직전에 맞았습니다. 나보다도 주변사람들을 위해 맞았지요. 100% 면역이 생기는건 아닐지라도 혹 저로인해 주위 가족들이나 지인들이 감염되는 불상사를 막기 위해! 무조건 접종 하세요!
784,1,우선적으로 먼저 맞아야 합니다. 모두 다 맞고 있는데 무엇이 그리 두렵씁니까? 자신이 생각에 면연력 충분하고 전립선 환자에게 맞는 음식 섭취와 운동도 잘 하신다면 아무런 지장이 없을 것입니다. 국가에서는 암환자들에게 2차에 이어 추가 접종까지 우선으로 배려하고 있는 상황입니다.
785,1,저나 제 주변 다 백신 맞고 별 탈없이 잘 지나갔고 다행히 코로나에 감염된 분들도 없었어요. 저는 아이들도 맞아야한다면 맞출거고요. 일부분들이 과도하게 공포를 조장하고 결국 이번 정부가 엉망이네 마네 하시는거 보면 이게 선거운동의 일환인가 싶기도 해요. 어떤 커뮤니티는 백신공포 조장이라는 식의 선거운동 지령이 내려왔다고도 하고요. 안아키 생각도 나고 그러네요. 피곤해요.
786,1,저 죄송한데 저는 백신을 맞아야 된다는 쪽이에요… 날 위해서가 아니라 연로하신 부모님을 위해서요. 저희 아이들도 안 맞는다고 하다가 할머니 할아버지 보러가야한다고 먼저 맞겠다고 예약 했데요. 날 위해서가 아닌 가족을 위해서 맞아야하 한다고 고등학생 큰 아들이 절 부끄럽게 했어요. 저희 둘째는 소아암 환자였는데 그 아이도 대화 해봤는데 맞겠다고 했어요
787,1,"단순 안티 백서들이 아닌 진짜 백신을 못 맞는 기저질환, 영유아들을 위해서 맞아야 한다고 생각해요. 그리고 특히 여기 계신 환우분들도 걸리면 중증으로 갈 수 있는데 백신을 맞으면 경증에서 그칠수 있으니까요"
788,1,29일에 부스터샷 안내문자를 받았어요! 2차 접종이 끝이 아니고 3차까지 접종이 끝나야 코로나 19로부터 그나마 안전할듯합니다.
789,1,백신 안 맞으면 식당도 못가. 나처럼 백신 맞으라고
790,1,백신거부자는 접종 받을 때 까지 오징어게임을 시켜야한다. 지금 북한에 백신 주면 3개월 안에 99% 나올겁니다.
791,1,외국 거주자 입니다. 백신 접종을 위해서 정부에서 캠페인을 하고 있지만 민주주의 국가라서 강요하기는 어렵습니다. 필수 노동자의 한해서만 의무로 맞도록 하고 있습니다.   나로 인해서 내 소중한 가족들 그리고 주변의 이웃들이 피해를 볼수 있다는 사고 방식을 가진 시민의식이 필요한거죠.  그리고 백신 접종 여부는 자발적이어여 하는것이 맞습니다. 주변에서 많은 사람들이 접종 하고 일상 생활을 편하게 하게 되면 오히려 비접종자들이 불안한 마음에 접종 하겠죠.
792,1,"백신 접종을 하고 싶어도 거동이 불편해서 의료기관을 방문할 수 없는 노인 환자나 장애인 같은 경우에는 본인과 가족이 원하는 경우 방문 접종을 추진하고 있습니다. 본인은 외출을 하지 않아도, 함께 사는 다른 가족이 감염되어 거동이 불편한 분들이 감염되는 사례들이 있습니다. 결국 가장 중증의 경과를 밟는 것도 거동 불편한 분들입니다."
793,1,"신입사원 모집때 코로나19접종 완료 증명서를 내라고 하는게
최고 효과를 낼 거 같은데...^^"
794,1,"코로나19 백신접종 안할려고 하는 사람들은 러시안룰렛을 하는 것임
코로나19는 사망율이 2~3%정돈됨 그럼 500만명이 접종을 안한다고 하는데 그럼 500만명 전부가 감염되면 10~20만정도가 죽는다고 봐야됨 
그러니까 500만명이 러시안룰렛 권총을 돌려서 방아쇠 당기면 10~20만명이 죽는 것임…"
795,1,"무인도나 산 속에서 고립생활하는 사람이 아니라면 백신은 반드시 접종해야 합니다.
사회는 함께사는 공동체이며 그 일원으로서 지켜야 할 의무도 있는 것이니까 말입니다.
공동체의 구성원에게 허용될 수 있는 자유는 지켜야 할 의무에 후행하며 동시에 낮은 개념에서 존재한다고 봅니다.
특정한 법이 없어도 다수가 모이면 줄을 서는 것 처럼 말입니다."
796,1,"호의가 계속되면 그게 권리인줄 알아요.'
코로나 감염시 생존률을 높여주고 전파력은 낮춰주는 백신을
공짜로 맞게 해줄 때, 다같이 빨리 좀 맞읍시다."
797,1,우리집 영강탱이님좀 끌고가 한방부탁합니다 너무 건강해 안 맞는답니다 이제 씸박질하는것도 지쳤음 징글징글합니다 말안듣는 세상1인
798,1,"최소,미접종자들은 ~자영업자들을 위해서라도..    사람모이는곳 출입불가는 해야할듯 합니다...
그래야 자영업자도 숨좀 쉬고..  손님들도 덜 불안하지요...  
정상생활을 위해 용기를 낸 사람들에게 피해를 끼칠 권리는 없습니다... 전.우리 가족과 자영업자들.의료방역관계자들을 위해  맞았습니다..(전 자영업아님)  그리고 .찐미접종 확진자는 기본 의료비빼고.. 미접종으로 인한   중증이상 치료비는  본인부담 시키는게 맞다봄…"
799,1,"국가의 국민들,국민들의 국가,백신접종에 대하여 누군들 두렵지 않을까 그럼에도 책임,의무를 다할때 공동체가 지켜지고 살기에 선택은 이미 명분이 없다."
800,1,주인이 없는 땅이나 섬에 홀로가서 살아가는것을 누구도 막지 않죠 국가안에서 사람들과 더불어 살아가려면 사람들이 원하는 의무도 수행해야 하는거죠 특히나 생명에 직결된 것이라면.. 그거하나도 해줄 수 없으면 그냥 국가를 떠나면 됩니다 누구도 그런 사람들과 함께 사회생활하고 싶어하지 않아요
801,1,11월 위드코로나 이후 미접종자들 불편함에 불편불만 징징대지마요 제발
802,1,"이러쿵저러쿵 징징거리지들말고 가능하면맞으세요. 당신들좋아하는 선진국들 백신패스준비중이고, 시행중인나라도 있는거로알고있습니다."
803,1,미접종자는 식당에도 못가게 하자.
804,1,미 접종자는 공공장소에 어디도 못들어가게 해야함
805,1,11월부터 백신접종 거부자는 모든 비용을 부담시켜야 합니다
806,1,우리도 미접종자는 해고하자!
807,1,비접종자는 의료보험도 적용하면 안된다
808,1,도대체 백신접종을 왜 안하는지 모르겠음..남에게 옮기지나 말길...
809,1,"미접종자의 활동을 제한해야 접종률이 오르고, 단계적 일상 회복이 더 빨리 이뤄질 수 있다"
810,1,미접종자들의 활동을 제한하면서까지 접종률을 높이려는 방역당국의 의견에 동의한다
811,1,발표와 무관하게 하루라도 빨리 접종하고 싶다
812,1,정부가 분기별로 제시한 시기에 맞춰 접종하고 싶다
813,1,국민 모두가 빨리 맞고 집단면역을 형성하는 게 낫다
814,1,백신 부스터샷 맞겠다
815,1,백신은 COVID-19 유발 바이러스에 감염될 위험을 지속적으로 줄여줍니다.?백신은 중증질환 예방에 매우?효과적입니다.
816,1,연구에 따르면 미국에서 사용승인을 받은 모든 COVID-19 백신은 COVID-19 예방 기능을 제공합니다.
817,1,COVID-19 백신 접종은 COVID-19와 잠재적인 심각한 합병증 위험을 줄입니다
818,1,COVID-19 백신은 두 번 접종하는 것이 한 번 접종하는 것보다 효과가 더 좋습니다.
819,1,COVID-19 백신 돌파 감염 사례에서도 중증 질환을 예방하는 데 도움이 됩니다.
820,1,5세 이상은 모두 최대한 빨리 COVID-19 백신을 접종받아야 합니다.
821,1,백신 접종을 완료하면 활동의 폭이 넓어집니다
822,1,COVID-19 백신 접종은 안전하게 면역력을 구축하는 데 도움이 됩니다
823,1,백신 접종을 완료하면?보호력이 더 좋다는 증거가 나오고 있습니다
824,1,2차까지 맞은 상황에서 이젠 3차가 접종완료로 인식되는 현상황에 안 맞을수도 없고 이번에도 맞으려구요
825,1,부스터 샷까지 맞았습니다. 어르신 컨디션이 괜찮으시면 고려해보시는게 좋을 것 같습니다.
826,1,부스터샷까지 접종했어요~
827,1,환우인 아버지 포함 부모님 모두 맞았어요.
828,1,부정맥이랑 천식있는 제 동생도 맞고 암환자인 부모님도 맞았는걸요ㅋㅋ 전 진작에 끝내놔서 후련하네용
829,1,맞았어요 안맞는사람은 검사자주 해야한다는건 동의하는 입장입니다.
830,1,전 맞았어요 맞는 게 마음편한 거 같아요ㅠ
831,1,당연히 맞았어요. 뭐 맞고 안 맞고는 자유지만 그에 대한 책임은 따라야 하는 것 같아요. 전 세계적으로 미접종자에 대한 패널티는 있는거구요. 환자들 있는곳이고 사람들 많은곳은 검사라도 자주하는게 맞다 싶어요 저는
832,1,전 예약했어요. 2차까지 큰 부작용 없어서 권고하니 맞으려 합니다.
833,1,백신이 코로나 중증과 사망률을 낮춰준다는 결과가 있다고 합니다
834,1,다른사람한테 피해를 주면 안되죠 민주주의가 개인주의가아닌 다윈주의로 이루어지는것인데 백신맞은사람들이 미접종자때문에 코로나에 걸려야하나요? 아니라고 봅니다. 나라에서 접종의 이득이 미접종의 이득보다 크기때문에 맞으라는거 아닐까요? 전문가들도 백신을 맞으라고하는데 비전문가가 맞지 말라는건 말이안되네요
835,1,백신?부작용이?사람이?교통사고날?확률보다?훨씬?적다는데..?그게?자기일거라고?생각하고?안맞기?보다는?자신과?남을?함께?지키는?선택을?해줬으면?좋겠네요
836,1,저렇게 모여서 또 코로나 확산시키는거 아닌가.. 백신 맞으면 그나마라도 덜할텐데..
837,1,코로나가 백신보다 위험하다? 그렇다면 당연히 백신을 맞아야한다. 
838,1,생각해보면 우리 그동안 매년 겨울마다 독감백신 맞았잖아... 백신 한 번 맞는다고 평생 면역생기는게 아니니까 글치.. 코로나도 똑같이 생각해보면 1년에 두어번 맞는건데 우리가 평소에 독감 주사 맞던 거랑 주기가 똑같어.
839,1,백신 효과가 80%정도라고 함 20%정도는 돌파 감염 된다고 함. 델타 기준이고 오미크론은 돌파 가능성이 더 높을 수 있음 다만 백신 맞아두면 돌파 감염이 되어도 덜 아픔
840,1,백신으로 집단면역이 확립되는거지 감염자수와 재생산지수도 크게 줄고 경제를 파산 직전까지 몰고가는 셧다운도 줄일 수 있고 그만큼 거리두기 제한도 풀 수 있고 점차적으로 나아지는거지 세상에 게임처럼 단번에 사라지는게 어딨어
841,1,우리는 지금 급할게 없는걸 지켜보고 백신 투여하는게 맞다고 봄 다른 건 칭찬 못해도 백신 관련해서는 굉장히 긍정적 입장인데
842,1,백신 맞을 거야 그리고 애초에 확보도 못해서 당장 맞을 수 있는 선택권조차 없잖아...있는데 늦게 맞을 수 있는 거랑 없어서 늦게 맞는 건 다르지..
843,1,화이자 모더나 맞을 수 있다고 하면 무조건 맞을 듯
844,1,"당연히 맞음, 모든 백신은 부작용이 있는거고, 이미 다른나라들 수도 없이 맞고있고 지금 당장 준다면 당장 맞을듯.."
845,1,무조건 맞음! 미국은 이미 일반인들도 엄청 많이 맞았는데 부작용 생각보다 별로 없던데... 그리고 부작용은 독감백신도 있음
846,1,사실20대가 가장 마지막이맞긴한데... 얼른맞고싶어요ㅠㅠㅠㅠㅠㅠㅠㅠ
847,1,목욕탕가고싶다고.... ㅜㅜ 접종자들만 들어가게 한다면 갈텐데....
848,1,"모더나 2차 까지 맞았습니다., 마스크없는 그때로 다시 가길 바랍니다..ㅠ 언제쯤 그럴 수 있으려나 다들 화이팅##"
849,1,울 가족은 일도 다 미루고 2차 접종 다 맞았어요 꼭 맞으세요 모두가 내 이웃과 우리 국민을 위하는 길입니다
850,1,방역 1위 국가로 대한민국이 됩시딘 2차 접종 다 맞으세요 우리 국민을 믿습니다
851,1,강양구기자님 말씀 전적으로 동의합니다. 의료계에 종사하는 사람이 현시국에 백신접종을 거부하는것은 무슨 심보인지요? 게다가 고위험군이 많은 노인요양원 같은 시설에서 종사하는 인원이 거부한다는것은 직업윤리상 납득이 안갑니다.
852,1,"저도 오늘 모더나 2차, 접종 완료했습니다 안맞는거보다 맞는게 낳은데, 백신거부자들은 어떻게, 될지ㅡㅡ"
853,1,백신을 안맞은 사람들이 불평/불만이 많은거같네요
854,1,예전에 AZ 1차2차 맞고 그저께 3차로 화이자 부스터샷 맞았어요. 3차 맞은 날 몸 괜찮은거 같아서 술 먹었는데 다음날 살짝 몸살기 있는 거 빼고 멀쩡한 것 같아요!
855,1,잘봤습니다. 백신 접종 후 신체 이상도 모두 함께 극복해나가야 하는 일이라 생각합니다. 더 많은 분들이 백신을 많을수록 코로나의 확산 강도 또한 더 약해질 것이라 생각합니다. 백신 접종 후 신체 이상을 겪는 분들에 대한 지원을 강화해 백신을 접종하지 않은 분들이 조금이라도 더 걱정을 덜고 백신 접종에 참여할 수 있도록 해야 할 것 같습니다.
856,1,코로나 걸리는게 낫다고? 1월에 걸렸었는데 2주만에 음성은 됐지만 몸무게 5kg 빠지고 무기력증 미후각 휴유증 엄청 오래간다.
857,1,백신맞아서 죽은 사람은 걍 살아도 죽을사람임 운이 ㅈㄴ게없는겨 백신부작용때문에 무서워서 백신안맞는사람들은 밖에도 나가면 안됨 교통사고 사망율이 몇십배는 더 높음 ㅋㅋㅋ
858,1,거짓말좀 그만 하라 백신 2번 맞아도 아무렇지도 안읍니다
859,1,백신 의무화가 답이다
860,1,백신 맞으려고해도 예약 사이트 오류가 너무 많음 취소하고 다시 예약해야되는데 계속 오류남
861,1,병원에서 치료받던게 있었어서 제 담당 의사선생님이 되도록이면 치료 마치고나서 백신 맞으라고 하셔가지고 어제 마침 치료가 끝났거든요. 복용 중 이던 약도 끝났어서 이제 백신을 맞을려고 하는데 ㅠㅠ 제가 취업 준비도 하고 있어서 지금 면접을 보러다니고 있어요. 근데 제가 이제 1차부터 맞기 시작할건데 (잔여백신 맞을려고요!) 면접 보는 곳에서 저 한테 2차까지 안 맞았다고 면접 탈락시키진 않겠죠 ㅠㅠㅠ??? 어떡하죠 너무 걱정되는데 ㅠㅠ..
862,1,지인생 지꺼야 내비도 내년부터 백신 유료화로 바꿔 1차20만원 2차 20만원 코로나 치료제 90만원 다 받다 입원비 부터 해서 한번 코로나 입원하면 병원비로 천만원이상 깨저봐야 돼 호의가 개속돼니깐 지가 잘나고 똑똑한줄 아는거야
863,1,설득 할거없이 접종자들에게만 혜택주면됩니다
864,1,우리 모두의 건강을 위해 목숨걸고 백신 맞은 사람들 한테는 각종 혜택 과 코로나 걸렸을시 모든 치료비 지원등을 해야합니다. 백신 안맞은 사람은 코로나 거렸을때 모든 치료비 및 방역 비용은 자비로 하는게 가장 논란이 없을듯...
865,1,안맞거나 못맞는 사람들 차별도 없어야 하지만 불안함속에서 맞은 사람들도 접종자로써?혜택(?)은 좀 있어야 할 것 같은데..
866,1,맞은 사람에게 이익을 주는거지 그게 백신패스고 안맞으면 백신패스없고 맞으면 있다 그 위험을 감수하고 맞았으니까 차별이 아니라 차이지 백신을 맞고 안맞고의 차이
867,1,저희 부모님도 아스트라 때 혈전 때문에 못 맞으셨다가 오늘 1차 맞으셨어요 심한 알러지 반응 없으시면 너무 걱정 하지 마시고 맞아보셔요 다들 건강하시길
868,1,"나는 2차까지 맞아도 하루 머리 띵한거 외에는 별 증상 없었는데, 진짜 안맞는 사람들은 2, 3일 누워있었음. 그거 보고 진짜 안맞는 사람들은 조심해야겠구나 싶더라. 코로나 뿐만 아니라 독감 백신도 똑같음. 자기가 백신체질 아니면 피하고 자기가 더 조심하는게 더 나음"
869,1,안맞는걸로 뭐라 할수는 없지만 백신 안맞고 코로나 걸리시면 알아서들 치료 하셨으면 좋겠네요
870,1,백신 접종자들도 불편함 감수하며 백신접종했는데 왜 거부자들은 pcr검사도 않겠다고 저리 난리인지...함께 사는 세상입니다
871,1,위험해서 못맞겠다면 그 위험을 감수하고 공동체를 위해 맞은 이들에게 주어지는 인센티브를 배아파 하면 않되겠지?
872,1,2차까지 맞았는데 컨디션 짱짱함 나도 수술 경력도 있고 맞기 싫었는데 코로나 잠식에 기여하고 싶어서 맞음 기저 질환 없는 사람들은 거부 하는건 자유지만 그만큼 배려하고 희생하려는 사람들을 기만 하는 행동인건 맞음 ㅋㅋ 본인은 하나도 희생하지 않고 집단면역에 혜택만 보겠다는 ㅋㅋ
873,1,맞는 사람 특혜주는건 찬성.. 그걸 차별이라 느끼면....그게 이기적인거지...뭐.
874,1,백신 미접종자 한해서 개인이 방역을 못해서 다른사람한테 코로나전파했을경우 그에 상응하는 손해배상및 구상권청구 하는걸로하자
875,1,"접종자를 구별하는거죠, 성인들이 모두 접종하면, 아이들이 안 맞아도 될 가능성이 높고, 위드코로나로 보다 효과적으로 전환이 빨리됩니다. 자영업자들도 살아야죠, 누구는 접종하고 싶어서 했나요? 학교 다닐 때, 다수가 청소할 때, 얍삽하게 노는 애들있고, 한소리하면 자기 없어도 청소잘 된다고 함, 근데 접종이 많이 할수록 좋음"
876,1,남은 백신으로 부스터샷 가자
877,1,"백신맞은 사람들에게 혜택을 주세요. 10시이후 술집,식당 출입허용이라던가..누군 맞고싶어서 맞았나ㅠㅠ자신과 모두를 위해 맞은건데..안 맞는사람은 지금 상태로 그냥 내버려두고..맞은 사람은 인원 제한까진 무리고.. 시간제한이라도 풀어주셈"
878,1,백신패스도 자업자분들한테 선택권 줬으면 좋겠다 미접종자는 받지않겠습니다 이러면 알아서 가는거지 뭐
879,1,혈압약 드시는 부모님 이미 다 맞았지만 건강하시다 ! 접종하지 않으면 불이익이 있어야한다
880,1,만약 미접종해서 코로나 걸리면 모든 비용은 본인이 책임을져야죠
881,1,백신패스 대환영!! 접종자에게 베네핏 당연히 줘야지.
882,1,미접종자는 사회적 제한을 받아야한다. 그것이 미접종자와 접종자의 안전을 보호하는것이다.
883,1,나는 그래도 접종자끼리만 만나고 싶다 ㅠ 어쩔수없는 사람도 있지만... 논문 보니가 확실히 접종자는 중증률이 많이 훨씬 낮더라 ㅠㅠ
884,1,"저는 부스터샷까지 접종했는데, 크게 앓거나 부작용 없이 지나갔어요. 백신접종해도 안걸리는건 아니지만, 애가…못맞으니…나라도 맞는게… 낫겠다…싶었거든요…ㅠ"
885,1,22222저는 고위험군이라 벌써 부스터샷 접종문자도 왔어요 의사가 부작용 확률보다 코로나걸리면 중증 위험도가 일반인들보다 많이 높다고 했어요. 언제 어디서 접촉될지 모르고 나를 위해서도 남을위해서도 맞았어요 다행히 별일 없이 지나고 있구요
886,1,집단면역을 위해…? 직업 특성상 꼭 맞아야 하기때문에..? 라고 생각하고 맞은거 같아요~~ㅋㅋ
887,1,자영업하니 사람도 많이 대해야하는데 내가 피해자가 되고 싶지 않고 가해자도 되고 싶지 않아서요
888,1,저희 부부는 맞으려구요.
889,1,저희 가족은 부모님 애들 다 맞으려구요. 우선 저부터 내일 맞으려합니다. 특수하교 근무 중이라 저도 학생들도 안전해야해서요.
890,1,"네.,맞을꺼예요.. 안맞는거보다는..맘의 안정이라도.."
891,1,저는 2차까지 마쳤고 부스터도 되도록 맞을 예정이에요. 돌아다니는거 좋아해서…
892,1,"많은 분들이 백신 믿음으로 극복하실거에요. 많은이들이 접종후 괜찮다 하고, 국가가 권장하니 아무 이상 없을거에요~"
893,1,우리나라가 다른나라처럼 선진국은 아니고 받을 수 있는 백신이 한정적이니 어쩔 수가 없네요.. 많은 사람들이 AZ백신의 부작용에 대해 불안감을 가지고 있어서 걱정입니다. 어떻게든 이런 불안감들이 다 해소되었으면 좋겠고 코로나 바이러스도 좀 나아졌으면 좋겠네요. 응원합니다
894,1,안전한 모더나 백신은 사회 활동이 왕성한 20/30 청춘 세대에게 최우선 접종 해야 한다.
895,1,최소한 가족하고 주변 사람이나 공공 장소에서 일면식도 없는 사람들 감염 시키지 말고. 죽는 확률이 같다면 차라리 맞고 죽어라. 난 얀센 백신 맞을 거다. 어머니는 이미 화이자 백신 맞았다.
896,1,"백신 맞은 사람이 전파력이 있는 지는 모르나, 감염되는 비율은 확실히 현저히 적다고 했다. 그러면 된거다. 그냥 팬데믹 생기게 내버려 두고, 걸려서 죽는 사람은 죽게 해두고 사는 사람은 살게 해두면 된다.?"
897,1,혼자?백신접종하기?눈치보이고?미안했는데 같이?하게되어?좋습니다
898,1,다들 설레발이 심하시군요. 백신은 필수입니다
899,1,안 맞은 사람이 걸릴 확률도 높고 사망할 확률도 더 높아지겠죠. 코로나가 미접종자 더 찾아 다닐테니까
900,1,오늘 모더나 2차 맞고 왔는데 이제 속이 편하네요?부스터샷도 6개월 이후니까?내년이면 상황도 좋아지지 않을까 기대도 되고